user_id,account_id,role,is_admin,last_active
1,1,admin,0,2025-11-06
2,1,manager,0,2025-10-31
3,1,engineer,0,2025-10-01
4,1,manager,0,2025-09-30
5,1,manager,0,2025-11-10
6,1,engineer,0,2025-10-19
7,1,analyst,0,2025-10-11
8,1,engineer,0,2025-10-19
9,1,admin,0,2025-11-01
10,1,engineer,0,2025-10-21
11,1,admin,1,2025-09-21
12,1,engineer,0,2025-10-15
13,1,admin,0,2025-09-15
14,1,analyst,0,2025-10-26
15,1,engineer,0,2025-09-21
16,1,engineer,0,2025-10-11
17,1,manager,0,2025-10-14
18,1,manager,1,2025-10-28
19,1,engineer,0,2025-10-14
20,1,admin,0,2025-10-21
21,1,analyst,0,2025-10-03
22,1,engineer,0,2025-09-29
23,1,manager,0,2025-09-22
24,2,admin,0,2025-09-17
25,2,engineer,0,2025-10-08
26,2,admin,0,2025-11-09
27,2,engineer,0,2025-11-06
28,2,engineer,0,2025-11-03
29,2,admin,0,2025-10-29
30,2,engineer,0,2025-10-25
31,2,manager,0,2025-10-16
32,2,analyst,1,2025-10-24
33,2,engineer,0,2025-10-28
34,2,engineer,0,2025-10-29
35,2,admin,0,2025-10-15
36,3,admin,0,2025-09-26
37,3,admin,0,2025-09-27
38,3,admin,0,2025-09-15
39,3,manager,1,2025-11-02
40,3,admin,0,2025-10-06
41,3,manager,0,2025-10-30
42,3,manager,0,2025-10-15
43,3,admin,0,2025-10-09
44,3,manager,0,2025-10-16
45,3,analyst,0,2025-09-26
46,3,analyst,0,2025-11-04
47,3,admin,0,2025-09-26
48,3,manager,0,2025-10-26
49,3,admin,0,2025-10-08
50,3,admin,1,2025-09-16
51,3,analyst,0,2025-10-09
52,3,engineer,0,2025-10-20
53,3,manager,0,2025-11-10
54,3,manager,0,2025-11-08
55,3,analyst,0,2025-09-21
56,3,admin,0,2025-09-25
57,3,admin,0,2025-10-23
58,3,engineer,1,2025-10-03
59,3,analyst,0,2025-11-10
60,3,analyst,0,2025-11-14
61,3,engineer,0,2025-09-23
62,3,engineer,0,2025-11-08
63,3,engineer,0,2025-10-22
64,3,engineer,0,2025-09-30
65,3,manager,0,2025-10-18
66,3,manager,0,2025-09-29
67,3,analyst,0,2025-10-06
68,3,engineer,0,2025-10-16
69,3,engineer,0,2025-09-23
70,3,analyst,0,2025-10-25
71,3,manager,0,2025-09-22
72,3,admin,0,2025-10-28
73,3,engineer,0,2025-10-30
74,4,engineer,0,2025-10-24
75,4,admin,0,2025-10-14
76,4,analyst,0,2025-11-03
77,4,engineer,0,2025-11-01
78,4,analyst,0,2025-09-24
79,4,analyst,0,2025-10-24
80,4,analyst,0,2025-09-19
81,4,analyst,0,2025-10-10
82,4,admin,0,2025-10-12
83,4,manager,0,2025-11-09
84,4,manager,1,2025-09-29
85,4,engineer,0,2025-10-14
86,5,admin,0,2025-11-09
87,5,analyst,0,2025-10-31
88,5,engineer,0,2025-10-01
89,5,manager,0,2025-10-26
90,5,analyst,0,2025-10-15
91,5,analyst,0,2025-10-18
92,5,analyst,0,2025-10-23
93,5,engineer,0,2025-10-28
94,5,analyst,0,2025-10-29
95,5,manager,0,2025-11-07
96,5,manager,0,2025-10-25
97,5,admin,0,2025-09-28
98,5,manager,0,2025-11-02
99,5,manager,0,2025-09-28
100,5,engineer,0,2025-10-28
101,5,analyst,0,2025-11-08
102,5,manager,0,2025-10-27
103,5,manager,0,2025-10-22
104,5,manager,0,2025-10-26
105,5,admin,0,2025-09-30
106,5,manager,0,2025-10-28
107,5,admin,0,2025-11-11
108,5,analyst,0,2025-10-01
109,5,manager,0,2025-10-05
110,5,engineer,0,2025-11-08
111,5,admin,0,2025-10-09
112,5,analyst,0,2025-10-15
113,5,engineer,0,2025-10-17
114,5,analyst,1,2025-11-03
115,5,admin,0,2025-10-29
116,5,engineer,1,2025-11-07
117,5,admin,1,2025-10-20
118,5,engineer,0,2025-11-10
119,5,admin,0,2025-11-05
120,5,manager,0,2025-09-24
121,5,analyst,0,2025-11-09
122,5,manager,0,2025-11-07
123,5,engineer,0,2025-10-07
124,5,manager,0,2025-09-26
125,6,engineer,0,2025-10-26
126,6,admin,0,2025-10-06
127,6,admin,0,2025-09-15
128,6,manager,0,2025-10-05
129,6,manager,0,2025-10-29
130,6,admin,0,2025-11-04
131,6,manager,0,2025-11-03
132,6,admin,0,2025-11-04
133,6,admin,0,2025-10-19
134,6,engineer,1,2025-10-01
135,6,engineer,0,2025-10-27
136,6,admin,0,2025-10-31
137,6,analyst,0,2025-09-30
138,6,analyst,0,2025-10-01
139,6,engineer,1,2025-11-10
140,6,manager,0,2025-09-16
141,6,analyst,0,2025-09-25
142,6,manager,0,2025-10-18
143,6,admin,0,2025-10-11
144,6,manager,0,2025-10-04
145,6,manager,0,2025-09-17
146,6,analyst,0,2025-09-23
147,6,manager,0,2025-11-10
148,6,admin,0,2025-11-04
149,6,analyst,0,2025-10-07
150,6,analyst,0,2025-10-17
151,6,admin,0,2025-10-16
152,7,engineer,0,2025-10-17
153,7,admin,0,2025-10-07
154,7,admin,0,2025-09-19
155,7,engineer,0,2025-09-28
156,7,analyst,0,2025-10-07
157,7,analyst,0,2025-11-13
158,7,admin,0,2025-10-31
159,7,admin,0,2025-09-27
160,7,analyst,0,2025-10-09
161,7,admin,0,2025-09-27
162,7,manager,0,2025-10-15
163,7,engineer,0,2025-09-17
164,7,analyst,0,2025-11-03
165,7,engineer,0,2025-10-05
166,7,engineer,0,2025-11-09
167,7,engineer,0,2025-10-23
168,7,engineer,0,2025-10-24
169,7,analyst,1,2025-10-03
170,7,admin,0,2025-09-21
171,7,manager,0,2025-10-24
172,7,engineer,0,2025-10-01
173,7,engineer,0,2025-10-27
174,7,engineer,0,2025-09-23
175,7,admin,0,2025-10-16
176,7,admin,0,2025-10-25
177,7,analyst,0,2025-10-25
178,7,admin,0,2025-09-26
179,7,engineer,0,2025-09-20
180,7,admin,0,2025-10-03
181,7,engineer,0,2025-10-19
182,7,admin,0,2025-11-02
183,7,analyst,0,2025-10-06
184,7,engineer,1,2025-10-05
185,7,engineer,0,2025-09-27
186,7,admin,1,2025-11-01
187,7,analyst,0,2025-10-10
188,7,manager,0,2025-09-16
189,8,admin,0,2025-10-31
190,8,admin,1,2025-10-16
191,8,admin,0,2025-10-04
192,8,manager,1,2025-10-14
193,8,analyst,0,2025-10-13
194,8,analyst,0,2025-10-19
195,8,engineer,0,2025-10-15
196,8,manager,0,2025-10-16
197,8,manager,0,2025-10-21
198,8,manager,0,2025-09-17
199,8,manager,0,2025-09-20
200,8,admin,0,2025-10-28
201,8,engineer,0,2025-10-24
202,8,analyst,0,2025-09-23
203,8,admin,0,2025-10-27
204,8,analyst,1,2025-09-22
205,8,engineer,0,2025-09-20
206,8,manager,0,2025-10-17
207,8,engineer,0,2025-10-23
208,8,analyst,0,2025-10-10
209,8,engineer,1,2025-10-16
210,8,analyst,0,2025-09-20
211,8,manager,0,2025-10-01
212,8,manager,0,2025-10-09
213,8,engineer,0,2025-10-31
214,8,engineer,0,2025-11-12
215,8,analyst,0,2025-09-28
216,8,engineer,0,2025-09-30
217,8,engineer,0,2025-10-21
218,8,manager,0,2025-10-14
219,8,admin,1,2025-11-06
220,8,analyst,0,2025-09-20
221,8,admin,0,2025-09-20
222,8,engineer,0,2025-11-08
223,8,engineer,0,2025-11-14
224,8,manager,0,2025-10-19
225,8,manager,0,2025-11-10
226,8,engineer,0,2025-09-25
227,8,analyst,0,2025-10-24
228,8,engineer,1,2025-10-04
229,8,admin,0,2025-09-21
230,8,analyst,0,2025-09-21
231,8,engineer,0,2025-10-25
232,8,engineer,0,2025-09-20
233,8,admin,0,2025-10-06
234,8,admin,0,2025-10-30
235,8,analyst,0,2025-10-31
236,8,admin,0,2025-10-18
237,8,admin,0,2025-09-27
238,8,admin,0,2025-10-17
239,8,manager,0,2025-10-01
240,8,analyst,0,2025-09-18
241,8,admin,1,2025-11-12
242,8,analyst,0,2025-09-25
243,8,admin,0,2025-10-27
244,8,analyst,0,2025-10-22
245,8,engineer,0,2025-11-05
246,8,manager,0,2025-10-12
247,8,engineer,0,2025-10-09
248,8,manager,0,2025-11-04
249,8,manager,0,2025-11-09
250,8,engineer,0,2025-10-06
251,8,manager,0,2025-10-14
252,8,manager,0,2025-10-31
253,8,engineer,0,2025-10-05
254,8,analyst,0,2025-10-16
255,8,analyst,0,2025-10-03
256,8,admin,0,2025-09-18
257,8,engineer,0,2025-09-18
258,8,analyst,0,2025-10-02
259,8,manager,0,2025-11-10
260,9,engineer,0,2025-10-01
261,9,analyst,0,2025-10-16
262,9,analyst,0,2025-11-02
263,9,engineer,0,2025-09-21
264,9,engineer,1,2025-11-08
265,9,manager,0,2025-10-21
266,9,analyst,0,2025-10-09
267,9,analyst,0,2025-10-01
268,9,analyst,0,2025-11-13
269,9,engineer,0,2025-10-28
270,9,admin,0,2025-10-09
271,9,admin,0,2025-09-17
272,10,admin,0,2025-09-18
273,10,admin,0,2025-10-26
274,10,engineer,0,2025-11-12
275,10,analyst,0,2025-09-29
276,10,manager,0,2025-11-09
277,10,analyst,0,2025-10-25
278,10,engineer,0,2025-11-03
279,10,manager,0,2025-11-06
280,10,analyst,0,2025-10-12
281,10,analyst,0,2025-09-22
282,10,manager,0,2025-10-29
283,10,engineer,0,2025-09-24
284,10,analyst,0,2025-09-28
285,10,analyst,0,2025-09-24
286,10,admin,0,2025-10-16
287,10,admin,0,2025-11-05
288,10,manager,0,2025-09-20
289,10,engineer,1,2025-09-21
290,10,analyst,0,2025-11-09
291,10,engineer,0,2025-11-14
292,10,analyst,0,2025-10-11
293,10,admin,0,2025-10-16
294,10,analyst,0,2025-10-02
295,10,analyst,0,2025-10-08
296,10,engineer,1,2025-09-23
297,10,analyst,0,2025-11-08
298,10,manager,0,2025-10-15
299,10,admin,0,2025-10-06
300,10,analyst,1,2025-09-17
301,10,manager,1,2025-10-04
302,10,admin,0,2025-10-05
303,10,engineer,0,2025-09-17
304,10,analyst,1,2025-10-04
305,10,engineer,0,2025-11-07
306,10,manager,0,2025-11-12
307,10,admin,0,2025-10-26
308,10,engineer,1,2025-11-07
309,10,admin,0,2025-10-30
310,10,manager,0,2025-10-21
311,10,engineer,0,2025-10-22
312,10,engineer,0,2025-10-08
313,10,manager,0,2025-09-19
314,10,engineer,0,2025-10-04
315,10,admin,0,2025-09-22
316,10,engineer,0,2025-10-06
317,10,engineer,1,2025-09-15
318,10,analyst,0,2025-11-12
319,10,analyst,0,2025-11-01
320,10,engineer,0,2025-10-17
321,10,manager,0,2025-09-21
322,10,analyst,0,2025-11-08
323,10,analyst,0,2025-10-11
324,10,analyst,0,2025-11-11
325,10,engineer,0,2025-10-28
326,10,manager,0,2025-11-07
327,10,engineer,0,2025-11-09
328,10,manager,0,2025-10-04
329,10,admin,0,2025-11-11
330,10,analyst,0,2025-10-30
331,10,manager,0,2025-09-25
332,10,manager,0,2025-11-10
333,10,manager,0,2025-10-08
334,10,manager,0,2025-09-23
335,10,manager,0,2025-10-24
336,10,manager,0,2025-09-25
337,10,admin,0,2025-10-28
338,10,manager,0,2025-11-06
339,10,analyst,0,2025-09-24
340,10,manager,0,2025-11-07
341,10,admin,0,2025-11-06
342,10,admin,0,2025-10-23
343,11,engineer,0,2025-10-12
344,11,admin,1,2025-09-28
345,11,admin,0,2025-10-15
346,11,engineer,1,2025-09-26
347,11,analyst,0,2025-10-13
348,11,admin,0,2025-10-17
349,11,manager,0,2025-09-15
350,11,admin,0,2025-09-29
351,11,analyst,1,2025-10-16
352,11,admin,0,2025-11-11
353,11,engineer,0,2025-09-21
354,11,engineer,1,2025-10-18
355,11,admin,0,2025-10-14
356,11,engineer,0,2025-11-10
357,11,admin,0,2025-10-25
358,11,manager,0,2025-11-10
359,11,manager,1,2025-10-28
360,11,analyst,0,2025-10-21
361,11,analyst,0,2025-10-16
362,11,engineer,0,2025-11-08
363,11,admin,0,2025-09-21
364,11,manager,0,2025-10-18
365,11,engineer,0,2025-09-19
366,11,manager,0,2025-10-19
367,11,analyst,0,2025-09-23
368,11,engineer,0,2025-10-20
369,11,engineer,0,2025-09-29
370,11,admin,0,2025-10-25
371,11,engineer,0,2025-10-25
372,11,analyst,0,2025-10-22
373,11,manager,0,2025-10-02
374,11,engineer,0,2025-11-10
375,11,admin,0,2025-09-22
376,11,admin,0,2025-11-09
377,11,engineer,0,2025-11-08
378,11,analyst,0,2025-09-24
379,11,manager,0,2025-10-10
380,11,admin,0,2025-10-08
381,11,analyst,0,2025-10-03
382,11,admin,0,2025-10-19
383,11,analyst,0,2025-09-20
384,11,engineer,0,2025-09-20
385,11,admin,0,2025-10-27
386,11,analyst,0,2025-10-23
387,11,admin,0,2025-10-09
388,11,manager,0,2025-11-05
389,11,engineer,0,2025-10-31
390,11,admin,1,2025-10-23
391,11,analyst,0,2025-11-07
392,11,analyst,0,2025-10-09
393,11,manager,0,2025-09-24
394,11,engineer,0,2025-09-21
395,11,admin,0,2025-10-07
396,11,analyst,0,2025-11-13
397,11,manager,0,2025-10-28
398,11,analyst,0,2025-09-17
399,11,analyst,0,2025-10-23
400,11,admin,0,2025-11-03
401,11,manager,0,2025-10-09
402,11,engineer,0,2025-11-10
403,12,manager,0,2025-10-22
404,12,analyst,0,2025-09-29
405,12,analyst,0,2025-09-26
406,12,admin,1,2025-09-19
407,12,admin,0,2025-11-05
408,12,manager,0,2025-09-27
409,12,admin,0,2025-10-02
410,12,admin,0,2025-10-28
411,12,engineer,0,2025-10-03
412,12,engineer,0,2025-10-14
413,12,engineer,0,2025-10-19
414,12,analyst,1,2025-11-01
415,12,admin,0,2025-10-23
416,12,engineer,0,2025-11-07
417,12,analyst,0,2025-10-02
418,12,engineer,0,2025-10-12
419,12,analyst,0,2025-11-12
420,12,manager,0,2025-10-20
421,12,admin,0,2025-11-14
422,12,manager,0,2025-10-26
423,12,manager,0,2025-09-26
424,12,manager,0,2025-09-27
425,12,analyst,0,2025-10-27
426,12,analyst,0,2025-11-07
427,12,admin,0,2025-10-14
428,12,engineer,0,2025-11-03
429,12,manager,0,2025-10-21
430,12,manager,1,2025-10-13
431,12,analyst,0,2025-11-10
432,12,engineer,0,2025-09-20
433,12,admin,0,2025-10-18
434,12,admin,0,2025-10-16
435,12,admin,0,2025-09-20
436,12,analyst,0,2025-10-09
437,12,engineer,0,2025-10-09
438,12,engineer,0,2025-09-30
439,12,engineer,0,2025-10-27
440,12,admin,0,2025-10-20
441,12,admin,0,2025-10-25
442,12,manager,0,2025-09-24
443,12,engineer,0,2025-09-22
444,12,analyst,0,2025-11-09
445,12,engineer,0,2025-09-21
446,12,admin,1,2025-10-30
447,12,engineer,0,2025-10-08
448,12,engineer,0,2025-10-12
449,12,admin,0,2025-10-20
450,12,analyst,0,2025-09-28
451,12,analyst,1,2025-10-31
452,12,analyst,0,2025-09-26
453,12,manager,0,2025-11-10
454,12,admin,0,2025-10-12
455,12,manager,0,2025-09-18
456,12,analyst,1,2025-10-23
457,12,manager,0,2025-10-30
458,12,admin,0,2025-11-05
459,12,analyst,0,2025-11-02
460,12,manager,0,2025-10-07
461,12,manager,1,2025-09-27
462,12,admin,0,2025-11-03
463,12,engineer,0,2025-10-16
464,12,engineer,0,2025-10-02
465,12,analyst,0,2025-09-20
466,12,analyst,0,2025-11-05
467,12,engineer,0,2025-11-10
468,12,engineer,0,2025-10-17
469,12,analyst,0,2025-09-25
470,12,analyst,1,2025-10-08
471,12,admin,0,2025-10-23
472,12,admin,0,2025-10-26
473,12,engineer,0,2025-10-17
474,12,admin,0,2025-11-11
475,12,analyst,0,2025-09-22
476,12,analyst,0,2025-11-10
477,12,admin,0,2025-10-06
478,12,engineer,0,2025-10-16
479,12,admin,0,2025-10-17
480,12,manager,0,2025-10-25
481,12,engineer,0,2025-10-13
482,12,manager,0,2025-11-11
483,13,manager,0,2025-11-12
484,13,manager,0,2025-09-30
485,13,engineer,1,2025-10-17
486,13,manager,0,2025-10-22
487,13,analyst,0,2025-09-17
488,13,analyst,0,2025-10-21
489,13,engineer,0,2025-09-26
490,13,analyst,0,2025-10-02
491,13,admin,0,2025-09-25
492,13,analyst,0,2025-11-10
493,13,analyst,0,2025-11-08
494,13,engineer,0,2025-10-27
495,13,analyst,0,2025-09-29
496,13,manager,0,2025-10-24
497,13,admin,0,2025-10-08
498,13,manager,0,2025-09-17
499,13,analyst,0,2025-10-26
500,13,engineer,0,2025-11-06
501,14,analyst,0,2025-09-23
502,14,manager,0,2025-10-03
503,14,admin,0,2025-10-04
504,14,engineer,0,2025-10-13
505,14,analyst,0,2025-11-13
506,14,analyst,0,2025-10-26
507,14,manager,0,2025-09-15
508,14,manager,0,2025-10-24
509,14,engineer,0,2025-11-02
510,14,manager,0,2025-11-06
511,14,manager,0,2025-11-10
512,14,analyst,0,2025-09-21
513,14,admin,0,2025-10-13
514,14,admin,0,2025-10-03
515,14,analyst,0,2025-09-19
516,14,manager,0,2025-10-07
517,14,engineer,0,2025-11-05
518,14,manager,0,2025-11-03
519,14,manager,0,2025-09-29
520,14,engineer,1,2025-11-12
521,14,engineer,0,2025-10-22
522,14,manager,0,2025-10-17
523,14,analyst,0,2025-09-27
524,14,engineer,0,2025-10-31
525,14,manager,1,2025-10-26
526,14,engineer,0,2025-09-18
527,14,manager,0,2025-10-22
528,14,engineer,0,2025-10-16
529,14,analyst,0,2025-09-26
530,14,engineer,0,2025-10-13
531,14,engineer,0,2025-11-04
532,14,manager,0,2025-09-24
533,14,manager,0,2025-09-20
534,14,analyst,0,2025-11-11
535,14,engineer,0,2025-09-20
536,14,analyst,1,2025-10-10
537,14,admin,0,2025-09-30
538,14,admin,0,2025-10-27
539,14,admin,0,2025-09-27
540,14,manager,0,2025-10-28
541,14,engineer,0,2025-09-18
542,14,manager,1,2025-09-22
543,14,engineer,0,2025-11-09
544,14,manager,0,2025-09-23
545,14,engineer,0,2025-09-19
546,15,engineer,1,2025-10-13
547,15,analyst,0,2025-10-30
548,15,engineer,0,2025-11-09
549,15,analyst,0,2025-10-31
550,15,admin,0,2025-10-25
551,15,admin,0,2025-09-22
552,15,analyst,0,2025-09-25
553,15,manager,0,2025-11-06
554,15,admin,0,2025-10-27
555,15,engineer,0,2025-10-01
556,16,admin,0,2025-09-18
557,16,admin,0,2025-11-13
558,16,analyst,0,2025-11-01
559,16,manager,1,2025-10-10
560,16,engineer,0,2025-11-07
561,16,analyst,0,2025-10-30
562,16,analyst,0,2025-11-07
563,17,engineer,0,2025-11-10
564,17,admin,0,2025-09-22
565,17,engineer,0,2025-10-07
566,17,admin,0,2025-10-05
567,17,manager,0,2025-09-30
568,17,manager,0,2025-10-27
569,17,engineer,0,2025-11-14
570,17,analyst,0,2025-10-30
571,17,engineer,0,2025-11-03
572,17,admin,0,2025-10-12
573,17,analyst,0,2025-11-10
574,17,admin,0,2025-10-21
575,17,engineer,0,2025-11-12
576,17,engineer,0,2025-10-22
577,17,analyst,0,2025-09-28
578,17,admin,0,2025-10-23
579,17,admin,0,2025-10-23
580,17,manager,0,2025-09-29
581,17,admin,0,2025-09-26
582,17,analyst,1,2025-11-06
583,17,admin,1,2025-10-23
584,17,analyst,0,2025-09-23
585,18,manager,0,2025-11-10
586,18,engineer,0,2025-11-12
587,18,analyst,0,2025-11-02
588,18,admin,0,2025-09-25
589,18,manager,0,2025-09-19
590,18,admin,1,2025-10-25
591,18,analyst,0,2025-10-13
592,18,engineer,0,2025-09-23
593,18,engineer,0,2025-10-29
594,18,admin,0,2025-09-27
595,18,manager,0,2025-10-27
596,18,analyst,0,2025-09-20
597,18,admin,0,2025-09-20
598,18,analyst,0,2025-10-28
599,18,admin,0,2025-09-24
600,18,analyst,1,2025-10-18
601,18,engineer,0,2025-09-28
602,18,engineer,0,2025-09-18
603,18,engineer,0,2025-10-24
604,18,manager,0,2025-10-14
605,19,admin,0,2025-09-29
606,19,engineer,0,2025-11-09
607,19,engineer,0,2025-10-07
608,19,manager,0,2025-10-11
609,19,analyst,0,2025-10-25
610,19,admin,0,2025-11-09
611,19,analyst,0,2025-10-03
612,19,analyst,0,2025-10-26
613,19,engineer,1,2025-10-07
614,19,engineer,0,2025-11-04
615,19,engineer,0,2025-10-23
616,19,engineer,0,2025-11-12
617,19,analyst,0,2025-10-06
618,19,engineer,0,2025-10-28
619,19,admin,0,2025-11-10
620,19,engineer,0,2025-10-22
621,19,manager,0,2025-09-15
622,19,admin,0,2025-11-05
623,19,engineer,0,2025-11-12
624,19,manager,0,2025-11-10
625,19,manager,0,2025-09-26
626,19,analyst,0,2025-10-22
627,19,engineer,0,2025-09-15
628,19,admin,0,2025-10-07
629,19,manager,0,2025-10-02
630,19,engineer,1,2025-09-15
631,20,analyst,0,2025-10-30
632,20,admin,0,2025-11-13
633,20,manager,0,2025-10-14
634,20,engineer,0,2025-09-17
635,20,admin,0,2025-10-29
636,20,analyst,0,2025-09-30
637,20,engineer,0,2025-11-01
638,20,analyst,0,2025-10-01
639,20,engineer,0,2025-11-02
640,20,admin,1,2025-11-06
641,20,admin,0,2025-10-17
642,20,manager,0,2025-09-18
643,20,engineer,0,2025-11-09
644,20,analyst,0,2025-10-03
645,20,analyst,0,2025-09-30
646,20,admin,0,2025-10-10
647,20,analyst,0,2025-09-18
648,20,analyst,1,2025-09-21
649,20,manager,0,2025-09-30
650,20,manager,0,2025-09-25
651,20,analyst,0,2025-10-13
652,20,manager,0,2025-11-07
653,20,manager,0,2025-09-25
654,20,manager,0,2025-10-30
655,20,engineer,0,2025-11-13
656,20,analyst,0,2025-10-10
657,20,analyst,0,2025-10-16
658,20,manager,0,2025-10-06
659,20,admin,0,2025-11-10
660,20,analyst,0,2025-10-20
661,20,engineer,0,2025-10-12
662,20,engineer,0,2025-09-26
663,20,engineer,0,2025-09-23
664,20,admin,0,2025-11-06
665,20,analyst,0,2025-10-04
666,20,admin,0,2025-10-17
667,20,engineer,0,2025-10-02
668,20,analyst,0,2025-11-06
669,20,manager,0,2025-09-26
670,20,manager,0,2025-10-18
671,20,admin,1,2025-09-22
672,20,admin,1,2025-10-12
673,20,manager,0,2025-10-26
674,20,manager,0,2025-11-04
675,20,analyst,0,2025-09-16
676,20,manager,0,2025-10-23
677,20,analyst,1,2025-09-21
678,20,admin,0,2025-10-29
679,20,manager,0,2025-10-05
680,20,analyst,0,2025-11-06
681,20,analyst,1,2025-10-06
682,20,admin,0,2025-10-13
683,20,manager,0,2025-10-08
684,20,manager,0,2025-11-04
685,20,analyst,0,2025-09-22
686,20,admin,0,2025-09-23
687,20,admin,0,2025-11-09
688,20,admin,0,2025-09-15
689,20,analyst,0,2025-10-04
690,20,manager,0,2025-09-26
691,20,engineer,0,2025-10-06
692,20,admin,0,2025-10-14
693,20,analyst,0,2025-10-04
694,20,analyst,0,2025-10-15
695,20,manager,0,2025-09-24
696,20,engineer,0,2025-10-26
697,20,engineer,0,2025-11-10
698,20,admin,0,2025-11-04
699,21,manager,0,2025-10-24
700,21,manager,0,2025-10-25
701,21,analyst,0,2025-09-29
702,21,analyst,0,2025-10-20
703,21,manager,0,2025-09-27
704,21,analyst,0,2025-10-13
705,21,admin,0,2025-10-25
706,21,manager,1,2025-10-16
707,21,admin,0,2025-10-28
708,21,engineer,0,2025-10-30
709,21,manager,0,2025-11-08
710,21,admin,0,2025-10-27
711,22,analyst,0,2025-11-02
712,22,manager,0,2025-10-14
713,22,engineer,0,2025-10-14
714,22,analyst,0,2025-10-14
715,22,admin,0,2025-11-09
716,22,engineer,0,2025-10-13
717,22,engineer,0,2025-10-30
718,22,manager,0,2025-10-08
719,22,analyst,0,2025-11-11
720,22,admin,0,2025-10-27
721,22,engineer,1,2025-10-07
722,22,engineer,0,2025-10-27
723,22,admin,0,2025-09-21
724,22,admin,0,2025-10-18
725,22,manager,0,2025-09-19
726,22,analyst,1,2025-09-29
727,22,analyst,0,2025-09-27
728,22,engineer,0,2025-10-22
729,22,admin,0,2025-10-20
730,22,admin,0,2025-10-09
731,22,manager,1,2025-10-22
732,22,analyst,0,2025-11-10
733,22,engineer,0,2025-10-13
734,22,engineer,0,2025-09-27
735,22,analyst,0,2025-09-23
736,22,admin,0,2025-11-06
737,22,admin,0,2025-10-20
738,22,analyst,0,2025-09-25
739,22,analyst,0,2025-10-10
740,22,analyst,0,2025-09-27
741,22,manager,0,2025-11-02
742,22,engineer,0,2025-10-13
743,22,admin,0,2025-11-12
744,22,admin,0,2025-11-06
745,23,engineer,0,2025-11-05
746,23,manager,0,2025-10-25
747,23,analyst,0,2025-11-04
748,23,engineer,0,2025-10-06
749,23,analyst,0,2025-10-08
750,23,analyst,0,2025-10-13
751,23,engineer,0,2025-09-30
752,23,analyst,0,2025-10-15
753,23,admin,1,2025-10-22
754,23,analyst,0,2025-10-02
755,24,admin,0,2025-10-07
756,24,engineer,0,2025-10-29
757,24,manager,0,2025-09-29
758,24,admin,0,2025-10-08
759,24,engineer,0,2025-11-04
760,24,engineer,0,2025-11-05
761,24,manager,0,2025-11-12
762,24,admin,0,2025-11-02
763,24,admin,0,2025-10-17
764,24,analyst,1,2025-10-19
765,24,manager,0,2025-10-19
766,24,manager,0,2025-10-19
767,24,engineer,0,2025-09-20
768,24,admin,0,2025-09-30
769,24,manager,0,2025-10-12
770,24,manager,0,2025-10-10
771,24,analyst,0,2025-10-03
772,24,engineer,0,2025-10-12
773,24,engineer,0,2025-10-25
774,24,manager,0,2025-10-16
775,24,analyst,0,2025-10-11
776,24,analyst,0,2025-10-02
777,24,analyst,0,2025-10-06
778,24,engineer,0,2025-11-02
779,24,manager,0,2025-10-28
780,24,analyst,1,2025-10-31
781,24,analyst,0,2025-09-26
782,24,analyst,0,2025-09-30
783,25,engineer,0,2025-10-23
784,25,analyst,0,2025-10-27
785,25,admin,0,2025-10-09
786,25,engineer,0,2025-09-18
787,25,engineer,0,2025-09-23
788,25,analyst,1,2025-09-26
789,25,manager,0,2025-10-27
790,25,admin,0,2025-10-27
791,26,engineer,0,2025-11-01
792,26,manager,0,2025-09-23
793,26,analyst,0,2025-09-16
794,26,analyst,0,2025-11-06
795,26,admin,0,2025-10-06
796,26,manager,0,2025-10-30
797,26,admin,0,2025-10-03
798,26,manager,0,2025-10-05
799,26,manager,1,2025-11-11
800,26,admin,0,2025-10-19
801,26,analyst,0,2025-09-30
802,26,engineer,0,2025-11-08
803,26,manager,0,2025-11-14
804,26,manager,0,2025-10-19
805,26,engineer,0,2025-10-15
806,26,manager,0,2025-09-27
807,26,analyst,0,2025-10-25
808,26,analyst,0,2025-10-04
809,26,admin,0,2025-09-17
810,26,admin,0,2025-10-04
811,26,manager,1,2025-10-11
812,26,admin,0,2025-09-17
813,26,manager,0,2025-10-19
814,26,manager,0,2025-09-16
815,26,admin,0,2025-09-22
816,26,engineer,0,2025-09-25
817,27,analyst,1,2025-10-09
818,27,admin,1,2025-09-16
819,27,analyst,0,2025-10-27
820,27,engineer,0,2025-10-04
821,27,engineer,0,2025-09-19
822,27,manager,0,2025-09-21
823,27,engineer,0,2025-10-28
824,27,manager,0,2025-09-24
825,27,admin,0,2025-10-24
826,27,manager,0,2025-09-29
827,27,engineer,0,2025-10-04
828,27,analyst,0,2025-09-30
829,27,manager,0,2025-11-14
830,27,analyst,0,2025-09-25
831,27,analyst,0,2025-10-09
832,27,manager,0,2025-11-03
833,27,engineer,0,2025-09-23
834,27,engineer,0,2025-10-13
835,27,analyst,0,2025-11-09
836,27,engineer,0,2025-10-03
837,28,analyst,0,2025-09-16
838,28,manager,0,2025-11-14
839,28,analyst,0,2025-10-21
840,28,manager,1,2025-10-17
841,28,analyst,0,2025-10-24
842,28,analyst,0,2025-10-08
843,29,analyst,0,2025-10-01
844,29,manager,0,2025-11-11
845,29,admin,0,2025-10-16
846,29,analyst,0,2025-11-04
847,29,engineer,0,2025-10-02
848,29,analyst,0,2025-10-01
849,29,admin,0,2025-10-05
850,29,analyst,0,2025-10-22
851,29,manager,0,2025-10-31
852,29,manager,0,2025-10-15
853,29,manager,1,2025-10-16
854,29,analyst,0,2025-10-19
855,29,engineer,0,2025-09-27
856,29,manager,0,2025-09-27
857,29,manager,0,2025-10-02
858,30,admin,0,2025-11-11
859,30,manager,0,2025-10-09
860,30,manager,0,2025-11-04
861,30,analyst,0,2025-09-21
862,30,engineer,1,2025-11-07
863,30,manager,0,2025-09-30
864,30,engineer,0,2025-11-09
865,30,engineer,0,2025-09-24
866,30,admin,0,2025-10-16
867,30,manager,0,2025-10-13
868,30,engineer,0,2025-10-16
869,30,admin,0,2025-10-10
870,30,engineer,0,2025-10-02
871,30,analyst,0,2025-09-29
872,30,admin,0,2025-10-20
873,30,analyst,0,2025-09-23
874,30,admin,0,2025-09-28
875,30,manager,0,2025-10-08
876,30,admin,0,2025-11-12
877,30,engineer,0,2025-10-23
878,30,admin,0,2025-10-11
879,30,admin,0,2025-09-16
880,30,admin,0,2025-09-16
881,30,engineer,1,2025-11-12
882,30,analyst,0,2025-10-19
883,30,manager,0,2025-09-26
884,30,manager,0,2025-09-26
885,30,engineer,0,2025-10-22
886,30,engineer,1,2025-10-17
887,30,engineer,0,2025-10-21
888,30,admin,0,2025-10-02
889,30,manager,0,2025-10-04
890,30,analyst,0,2025-11-07
891,30,manager,1,2025-10-11
892,30,engineer,0,2025-10-12
893,30,manager,0,2025-09-29
894,30,manager,0,2025-09-22
895,30,admin,0,2025-09-27
896,30,admin,0,2025-10-26
897,30,engineer,0,2025-10-02
898,31,manager,0,2025-10-30
899,31,engineer,0,2025-10-23
900,31,manager,0,2025-10-28
901,31,manager,0,2025-09-16
902,31,admin,0,2025-11-12
903,31,engineer,0,2025-10-06
904,31,admin,1,2025-10-30
905,31,manager,0,2025-11-10
906,31,admin,0,2025-10-07
907,31,admin,0,2025-10-17
908,31,admin,0,2025-10-30
909,31,admin,0,2025-10-20
910,31,engineer,0,2025-10-31
911,32,analyst,0,2025-10-31
912,32,analyst,0,2025-10-09
913,32,analyst,0,2025-10-30
914,32,analyst,0,2025-09-19
915,32,manager,1,2025-10-03
916,32,manager,0,2025-10-19
917,32,analyst,0,2025-10-28
918,32,admin,0,2025-10-10
919,32,manager,0,2025-10-05
920,32,engineer,0,2025-10-10
921,32,engineer,0,2025-11-11
922,32,analyst,0,2025-09-15
923,32,engineer,0,2025-09-25
924,32,analyst,0,2025-10-01
925,32,engineer,0,2025-10-19
926,32,manager,0,2025-10-26
927,32,engineer,1,2025-11-03
928,32,engineer,0,2025-10-30
929,32,manager,0,2025-10-26
930,32,manager,0,2025-09-24
931,32,engineer,0,2025-09-17
932,33,manager,0,2025-10-21
933,33,manager,0,2025-10-29
934,33,manager,0,2025-10-24
935,33,admin,1,2025-09-16
936,33,engineer,0,2025-09-21
937,34,admin,0,2025-10-28
938,34,engineer,0,2025-10-02
939,34,admin,0,2025-09-20
940,34,admin,0,2025-11-02
941,34,manager,0,2025-10-15
942,34,manager,0,2025-09-20
943,34,analyst,1,2025-10-26
944,34,admin,0,2025-11-01
945,34,manager,0,2025-09-28
946,34,admin,0,2025-09-28
947,34,engineer,0,2025-09-17
948,34,manager,0,2025-10-01
949,34,manager,0,2025-10-20
950,34,manager,0,2025-10-10
951,34,analyst,0,2025-09-26
952,34,analyst,0,2025-10-21
953,34,engineer,0,2025-10-11
954,35,engineer,0,2025-11-08
955,35,engineer,0,2025-09-27
956,35,analyst,0,2025-09-17
957,35,manager,0,2025-10-22
958,35,analyst,0,2025-10-19
959,35,admin,0,2025-10-09
960,35,manager,0,2025-09-28
961,35,manager,0,2025-11-13
962,35,analyst,0,2025-10-10
963,35,engineer,0,2025-10-27
964,35,manager,0,2025-11-02
965,35,analyst,0,2025-10-31
966,35,engineer,0,2025-10-09
967,35,manager,0,2025-10-14
968,35,analyst,0,2025-10-29
969,35,engineer,0,2025-09-29
970,35,engineer,1,2025-10-16
971,35,manager,0,2025-09-29
972,35,analyst,0,2025-11-04
973,35,manager,0,2025-09-29
974,35,engineer,0,2025-11-03
975,35,admin,0,2025-10-12
976,35,admin,0,2025-09-22
977,35,admin,1,2025-09-15
978,35,admin,0,2025-09-27
979,35,admin,0,2025-10-19
980,35,manager,0,2025-09-22
981,35,manager,0,2025-11-10
982,35,manager,0,2025-11-14
983,35,manager,0,2025-10-13
984,35,engineer,0,2025-10-22
985,35,admin,1,2025-10-06
986,35,engineer,1,2025-10-03
987,35,engineer,0,2025-11-13
988,35,admin,0,2025-10-11
989,35,engineer,0,2025-11-14
990,35,admin,0,2025-10-12
991,35,analyst,0,2025-10-11
992,35,analyst,0,2025-11-13
993,35,engineer,0,2025-09-24
994,35,manager,0,2025-11-08
995,35,admin,0,2025-10-12
996,35,manager,0,2025-10-30
997,35,manager,0,2025-10-06
998,35,analyst,0,2025-09-23
999,35,analyst,0,2025-10-28
1000,35,engineer,0,2025-11-09
1001,35,analyst,0,2025-10-20
1002,35,engineer,0,2025-10-09
1003,35,manager,0,2025-10-01
1004,35,manager,0,2025-10-26
1005,35,admin,0,2025-10-04
1006,35,admin,0,2025-11-09
1007,35,engineer,0,2025-10-21
1008,35,engineer,0,2025-10-10
1009,35,engineer,0,2025-11-11
1010,35,admin,1,2025-10-01
1011,35,manager,0,2025-11-09
1012,35,engineer,0,2025-09-21
1013,36,admin,0,2025-09-18
1014,36,admin,0,2025-10-31
1015,36,manager,0,2025-09-18
1016,36,engineer,0,2025-10-28
1017,36,admin,0,2025-09-16
1018,36,admin,0,2025-10-02
1019,36,analyst,0,2025-09-18
1020,36,admin,0,2025-11-03
1021,36,analyst,0,2025-11-13
1022,36,manager,1,2025-10-08
1023,36,manager,0,2025-09-27
1024,37,manager,0,2025-10-09
1025,37,engineer,0,2025-10-02
1026,37,analyst,0,2025-10-21
1027,37,manager,0,2025-09-25
1028,37,admin,0,2025-10-13
1029,37,analyst,1,2025-11-11
1030,37,admin,0,2025-10-18
1031,37,manager,0,2025-09-22
1032,37,admin,0,2025-10-24
1033,37,engineer,0,2025-09-26
1034,37,analyst,0,2025-11-13
1035,37,analyst,0,2025-09-25
1036,37,engineer,0,2025-10-14
1037,37,manager,0,2025-10-23
1038,37,engineer,0,2025-10-18
1039,37,manager,0,2025-10-02
1040,37,engineer,0,2025-11-09
1041,38,admin,0,2025-11-09
1042,38,analyst,0,2025-11-05
1043,38,engineer,0,2025-09-30
1044,38,manager,0,2025-09-28
1045,38,engineer,0,2025-10-25
1046,38,analyst,0,2025-11-08
1047,38,admin,0,2025-11-14
1048,38,analyst,0,2025-10-17
1049,38,analyst,0,2025-09-27
1050,38,analyst,0,2025-11-08
1051,38,manager,0,2025-11-09
1052,38,manager,1,2025-10-18
1053,38,engineer,0,2025-10-10
1054,38,engineer,0,2025-11-08
1055,39,analyst,0,2025-09-20
1056,39,engineer,0,2025-11-14
1057,39,analyst,1,2025-10-19
1058,39,engineer,0,2025-09-26
1059,39,admin,0,2025-09-29
1060,39,manager,0,2025-10-09
1061,39,manager,0,2025-10-02
1062,39,engineer,0,2025-11-04
1063,39,manager,0,2025-10-28
1064,39,analyst,0,2025-10-28
1065,39,engineer,0,2025-11-05
1066,39,admin,0,2025-11-04
1067,39,engineer,0,2025-10-28
1068,39,engineer,0,2025-10-26
1069,39,engineer,0,2025-09-25
1070,39,admin,0,2025-10-22
1071,39,analyst,0,2025-09-15
1072,40,admin,0,2025-11-06
1073,40,analyst,0,2025-11-14
1074,40,engineer,0,2025-10-24
1075,40,engineer,0,2025-09-24
1076,40,analyst,0,2025-10-17
1077,40,analyst,0,2025-10-18
1078,40,manager,0,2025-10-26
1079,40,analyst,0,2025-10-07
1080,40,manager,0,2025-10-15
1081,40,analyst,0,2025-11-03
1082,40,engineer,0,2025-10-25
1083,40,analyst,0,2025-09-28
1084,40,engineer,1,2025-10-09
1085,40,manager,0,2025-10-25
1086,40,engineer,0,2025-10-28
1087,40,engineer,0,2025-10-22
1088,40,admin,0,2025-09-16
1089,40,manager,0,2025-10-08
1090,40,manager,0,2025-10-02
1091,40,admin,0,2025-09-15
1092,40,engineer,0,2025-09-15
1093,40,manager,0,2025-10-17
1094,40,analyst,0,2025-09-22
1095,40,admin,0,2025-09-23
1096,40,engineer,0,2025-10-02
1097,40,engineer,0,2025-11-06
1098,40,analyst,0,2025-10-30
1099,40,analyst,0,2025-10-03
1100,40,manager,0,2025-09-30
1101,40,engineer,1,2025-09-25
1102,40,engineer,0,2025-11-10
1103,40,engineer,1,2025-10-07
1104,40,engineer,0,2025-10-08
1105,40,engineer,0,2025-10-11
1106,40,engineer,0,2025-10-11
1107,40,admin,0,2025-09-25
1108,40,analyst,0,2025-10-01
1109,40,admin,0,2025-11-08
1110,41,engineer,0,2025-09-27
1111,41,analyst,0,2025-09-25
1112,41,engineer,1,2025-11-08
1113,41,admin,0,2025-11-08
1114,41,analyst,0,2025-10-31
1115,41,manager,0,2025-10-17
1116,41,analyst,0,2025-10-20
1117,41,engineer,0,2025-09-26
1118,41,manager,0,2025-10-23
1119,41,admin,0,2025-10-15
1120,41,admin,1,2025-10-27
1121,41,engineer,0,2025-09-17
1122,41,admin,0,2025-11-07
1123,41,manager,0,2025-10-23
1124,41,analyst,0,2025-10-24
1125,41,engineer,0,2025-09-25
1126,41,manager,0,2025-10-12
1127,41,engineer,0,2025-10-23
1128,41,engineer,0,2025-11-08
1129,41,engineer,0,2025-09-29
1130,41,engineer,0,2025-10-25
1131,41,admin,0,2025-10-26
1132,41,admin,0,2025-09-24
1133,41,admin,0,2025-11-13
1134,41,analyst,0,2025-10-04
1135,41,admin,0,2025-10-02
1136,41,manager,0,2025-09-16
1137,41,manager,0,2025-10-12
1138,41,manager,0,2025-10-10
1139,41,manager,0,2025-10-24
1140,41,engineer,0,2025-10-16
1141,41,manager,0,2025-09-24
1142,41,engineer,0,2025-10-05
1143,41,manager,0,2025-11-03
1144,41,engineer,0,2025-10-20
1145,41,admin,0,2025-09-28
1146,41,manager,1,2025-10-17
1147,41,engineer,0,2025-10-21
1148,41,admin,0,2025-09-30
1149,41,manager,1,2025-11-01
1150,41,analyst,0,2025-09-27
1151,41,admin,1,2025-10-09
1152,41,admin,0,2025-09-24
1153,41,manager,0,2025-10-22
1154,41,analyst,0,2025-11-02
1155,41,engineer,0,2025-11-07
1156,41,analyst,0,2025-10-03
1157,41,engineer,0,2025-10-12
1158,41,analyst,0,2025-10-07
1159,41,engineer,0,2025-10-06
1160,41,engineer,0,2025-10-08
1161,41,admin,0,2025-10-23
1162,41,analyst,0,2025-09-21
1163,41,engineer,0,2025-10-06
1164,41,manager,0,2025-09-23
1165,41,analyst,0,2025-09-17
1166,41,admin,0,2025-10-02
1167,41,manager,0,2025-10-25
1168,41,admin,0,2025-10-30
1169,41,analyst,0,2025-11-07
1170,41,manager,1,2025-10-22
1171,41,manager,0,2025-10-13
1172,42,engineer,0,2025-10-18
1173,42,manager,0,2025-10-14
1174,42,manager,1,2025-10-10
1175,42,manager,0,2025-10-14
1176,42,analyst,0,2025-11-06
1177,42,manager,0,2025-10-25
1178,42,engineer,0,2025-10-06
1179,42,admin,0,2025-09-20
1180,42,analyst,0,2025-09-15
1181,42,admin,0,2025-10-14
1182,42,manager,0,2025-11-02
1183,43,engineer,0,2025-11-04
1184,43,admin,0,2025-10-09
1185,43,admin,0,2025-09-25
1186,43,manager,0,2025-10-27
1187,43,admin,0,2025-10-28
1188,43,manager,0,2025-10-11
1189,43,analyst,0,2025-11-04
1190,43,engineer,0,2025-10-09
1191,43,engineer,0,2025-10-10
1192,43,admin,0,2025-10-09
1193,43,admin,0,2025-10-28
1194,43,analyst,0,2025-10-11
1195,43,admin,0,2025-09-27
1196,43,engineer,0,2025-10-11
1197,43,manager,0,2025-10-18
1198,43,admin,0,2025-09-28
1199,43,manager,0,2025-10-26
1200,43,admin,0,2025-10-17
1201,43,analyst,0,2025-10-23
1202,43,admin,0,2025-10-17
1203,43,admin,0,2025-09-26
1204,43,manager,0,2025-11-01
1205,43,analyst,0,2025-09-20
1206,43,engineer,0,2025-11-04
1207,43,manager,0,2025-09-25
1208,43,manager,0,2025-09-23
1209,43,manager,1,2025-09-24
1210,43,admin,0,2025-10-09
1211,43,analyst,1,2025-10-11
1212,43,analyst,0,2025-10-07
1213,43,manager,0,2025-10-25
1214,43,analyst,1,2025-10-27
1215,44,admin,0,2025-11-06
1216,44,engineer,0,2025-09-17
1217,44,admin,0,2025-10-28
1218,44,manager,0,2025-10-01
1219,44,manager,0,2025-10-30
1220,44,manager,0,2025-09-30
1221,44,analyst,0,2025-09-22
1222,44,manager,0,2025-09-27
1223,44,engineer,0,2025-10-14
1224,44,manager,0,2025-10-09
1225,44,analyst,1,2025-10-05
1226,44,engineer,0,2025-10-21
1227,44,engineer,0,2025-11-10
1228,44,admin,0,2025-10-20
1229,45,analyst,0,2025-10-08
1230,45,admin,0,2025-09-20
1231,45,admin,0,2025-09-29
1232,45,engineer,0,2025-10-05
1233,45,analyst,0,2025-09-21
1234,45,admin,0,2025-09-25
1235,45,engineer,0,2025-11-01
1236,45,engineer,0,2025-09-23
1237,45,manager,0,2025-10-14
1238,45,analyst,0,2025-10-25
1239,45,analyst,0,2025-10-24
1240,45,manager,0,2025-10-09
1241,45,engineer,0,2025-09-25
1242,45,analyst,0,2025-09-18
1243,45,admin,0,2025-11-12
1244,45,admin,0,2025-10-05
1245,45,engineer,0,2025-11-13
1246,45,admin,0,2025-09-16
1247,45,manager,0,2025-10-17
1248,45,engineer,0,2025-11-14
1249,45,engineer,0,2025-11-02
1250,45,manager,0,2025-09-19
1251,45,analyst,0,2025-11-04
1252,45,analyst,1,2025-11-09
1253,45,analyst,0,2025-10-29
1254,45,admin,0,2025-10-22
1255,45,manager,0,2025-11-11
1256,45,engineer,0,2025-10-05
1257,45,analyst,0,2025-09-29
1258,45,manager,1,2025-10-18
1259,45,admin,0,2025-09-30
1260,45,admin,1,2025-11-14
1261,45,manager,0,2025-10-15
1262,45,admin,0,2025-11-06
1263,45,manager,0,2025-10-12
1264,45,engineer,0,2025-11-14
1265,45,admin,0,2025-10-01
1266,45,analyst,0,2025-09-23
1267,46,manager,0,2025-10-21
1268,46,admin,0,2025-09-29
1269,46,admin,1,2025-11-08
1270,46,analyst,0,2025-10-22
1271,46,analyst,0,2025-11-06
1272,46,engineer,0,2025-09-26
1273,46,manager,0,2025-10-04
1274,46,manager,0,2025-11-10
1275,46,admin,0,2025-10-06
1276,46,manager,0,2025-10-17
1277,46,analyst,0,2025-09-29
1278,46,manager,0,2025-10-05
1279,46,manager,0,2025-09-17
1280,46,engineer,0,2025-10-06
1281,46,engineer,0,2025-09-20
1282,46,manager,1,2025-11-09
1283,46,admin,0,2025-11-06
1284,46,admin,0,2025-10-08
1285,46,engineer,0,2025-10-23
1286,46,engineer,0,2025-10-25
1287,46,manager,0,2025-10-30
1288,46,analyst,0,2025-10-04
1289,46,admin,0,2025-10-30
1290,46,analyst,0,2025-09-26
1291,46,admin,0,2025-09-21
1292,46,analyst,0,2025-11-01
1293,46,manager,0,2025-09-28
1294,46,engineer,0,2025-10-27
1295,47,engineer,0,2025-11-07
1296,47,manager,0,2025-10-14
1297,47,admin,0,2025-10-12
1298,47,admin,0,2025-10-22
1299,47,analyst,0,2025-11-06
1300,47,engineer,0,2025-09-20
1301,47,engineer,0,2025-10-22
1302,47,manager,1,2025-09-27
1303,47,engineer,0,2025-09-26
1304,47,admin,0,2025-11-13
1305,47,admin,0,2025-11-14
1306,47,analyst,0,2025-11-01
1307,47,admin,0,2025-09-16
1308,47,admin,0,2025-09-15
1309,47,engineer,0,2025-10-13
1310,48,engineer,0,2025-10-01
1311,48,engineer,0,2025-11-09
1312,48,manager,0,2025-10-28
1313,48,admin,0,2025-10-26
1314,48,admin,0,2025-10-13
1315,48,manager,0,2025-09-24
1316,48,manager,1,2025-10-11
1317,48,analyst,0,2025-10-20
1318,48,admin,0,2025-10-26
1319,49,engineer,0,2025-11-07
1320,49,engineer,0,2025-10-06
1321,49,admin,0,2025-10-26
1322,49,manager,1,2025-11-07
1323,49,admin,0,2025-09-30
1324,49,manager,1,2025-10-01
1325,49,admin,0,2025-11-04
1326,49,engineer,0,2025-09-15
1327,49,analyst,0,2025-10-12
1328,49,analyst,0,2025-11-04
1329,49,analyst,0,2025-11-06
1330,49,analyst,0,2025-09-29
1331,49,admin,0,2025-09-26
1332,49,admin,0,2025-10-24
1333,49,engineer,0,2025-10-28
1334,49,admin,1,2025-10-29
1335,49,admin,0,2025-10-14
1336,49,engineer,0,2025-10-13
1337,49,analyst,0,2025-11-11
1338,49,engineer,0,2025-09-21
1339,49,manager,0,2025-10-22
1340,49,manager,0,2025-10-29
1341,49,admin,0,2025-09-18
1342,49,admin,0,2025-10-31
1343,49,admin,0,2025-11-12
1344,49,admin,0,2025-10-30
1345,49,admin,0,2025-10-15
1346,49,analyst,0,2025-10-21
1347,49,manager,0,2025-11-03
1348,49,admin,0,2025-10-10
1349,49,engineer,0,2025-10-31
1350,49,analyst,0,2025-10-30
1351,49,engineer,0,2025-09-17
1352,49,analyst,0,2025-10-28
1353,49,admin,0,2025-10-09
1354,49,analyst,0,2025-11-07
1355,49,admin,0,2025-11-03
1356,49,manager,0,2025-09-24
1357,50,engineer,0,2025-09-20
1358,50,analyst,1,2025-09-26
1359,50,analyst,0,2025-10-25
1360,50,admin,0,2025-10-10
1361,50,engineer,0,2025-11-14
1362,50,analyst,0,2025-11-02
1363,50,analyst,0,2025-10-09
1364,50,analyst,0,2025-09-28
1365,50,manager,0,2025-10-16
1366,50,analyst,0,2025-10-08
1367,50,engineer,0,2025-09-26
1368,50,manager,0,2025-09-29
1369,50,manager,0,2025-11-05
1370,51,analyst,0,2025-10-05
1371,51,admin,1,2025-09-15
1372,51,analyst,0,2025-11-14
1373,51,engineer,0,2025-09-21
1374,51,analyst,0,2025-11-08
1375,52,engineer,0,2025-11-11
1376,52,manager,0,2025-09-30
1377,52,analyst,0,2025-11-09
1378,52,admin,0,2025-09-17
1379,52,manager,0,2025-09-18
1380,52,engineer,0,2025-10-01
1381,52,analyst,1,2025-10-16
1382,52,admin,0,2025-10-08
1383,53,admin,0,2025-10-18
1384,53,manager,0,2025-10-30
1385,53,analyst,0,2025-10-29
1386,53,analyst,0,2025-09-16
1387,53,engineer,1,2025-10-01
1388,53,analyst,0,2025-10-25
1389,53,engineer,0,2025-10-28
1390,53,manager,0,2025-11-10
1391,53,manager,0,2025-11-06
1392,53,admin,0,2025-11-05
1393,53,admin,0,2025-11-04
1394,53,engineer,0,2025-10-16
1395,53,analyst,0,2025-10-19
1396,53,admin,0,2025-10-11
1397,53,analyst,0,2025-09-26
1398,53,manager,0,2025-10-17
1399,53,analyst,0,2025-10-16
1400,53,analyst,0,2025-09-21
1401,53,admin,0,2025-11-09
1402,53,manager,0,2025-09-24
1403,53,analyst,0,2025-09-23
1404,53,admin,0,2025-11-01
1405,53,analyst,0,2025-11-05
1406,53,admin,0,2025-09-30
1407,53,manager,0,2025-10-23
1408,53,engineer,1,2025-10-13
1409,53,admin,0,2025-10-02
1410,53,analyst,0,2025-10-29
1411,53,manager,0,2025-11-13
1412,53,engineer,0,2025-09-21
1413,53,engineer,0,2025-10-10
1414,53,manager,0,2025-11-08
1415,53,engineer,0,2025-11-08
1416,53,manager,0,2025-11-07
1417,53,admin,0,2025-11-11
1418,53,manager,0,2025-11-06
1419,53,manager,0,2025-09-23
1420,53,engineer,1,2025-10-22
1421,53,admin,0,2025-10-08
1422,53,analyst,0,2025-09-17
1423,53,admin,1,2025-11-13
1424,53,admin,0,2025-11-02
1425,53,engineer,0,2025-09-24
1426,53,manager,0,2025-11-09
1427,53,analyst,0,2025-11-07
1428,53,admin,0,2025-09-15
1429,53,engineer,0,2025-11-11
1430,53,manager,0,2025-09-16
1431,54,engineer,1,2025-10-02
1432,54,engineer,0,2025-11-03
1433,54,analyst,0,2025-11-01
1434,54,manager,0,2025-10-28
1435,54,analyst,0,2025-10-17
1436,54,manager,0,2025-11-12
1437,54,manager,0,2025-10-04
1438,54,analyst,0,2025-10-14
1439,54,engineer,0,2025-09-19
1440,54,engineer,0,2025-11-11
1441,54,admin,0,2025-10-28
1442,54,engineer,0,2025-11-06
1443,54,engineer,0,2025-11-02
1444,54,manager,0,2025-10-05
1445,54,admin,0,2025-10-21
1446,54,analyst,1,2025-10-15
1447,54,engineer,0,2025-10-23
1448,54,analyst,0,2025-10-21
1449,54,analyst,0,2025-11-03
1450,54,admin,0,2025-10-25
1451,54,manager,0,2025-11-13
1452,54,analyst,0,2025-11-11
1453,54,engineer,0,2025-10-12
1454,54,analyst,0,2025-09-26
1455,54,manager,0,2025-11-04
1456,54,admin,0,2025-10-30
1457,54,manager,0,2025-10-28
1458,54,admin,0,2025-09-27
1459,55,manager,0,2025-10-08
1460,55,analyst,0,2025-09-24
1461,55,analyst,0,2025-09-17
1462,55,admin,0,2025-09-30
1463,55,analyst,0,2025-09-15
1464,55,manager,0,2025-10-09
1465,55,manager,0,2025-09-22
1466,55,engineer,0,2025-10-11
1467,55,analyst,0,2025-11-03
1468,55,engineer,0,2025-11-12
1469,55,admin,0,2025-11-11
1470,55,manager,1,2025-10-07
1471,55,manager,0,2025-11-13
1472,55,engineer,0,2025-11-14
1473,55,analyst,0,2025-09-17
1474,55,manager,0,2025-09-24
1475,55,manager,0,2025-10-24
1476,55,manager,0,2025-09-17
1477,55,analyst,0,2025-11-11
1478,55,admin,0,2025-11-05
1479,55,manager,0,2025-09-26
1480,55,admin,0,2025-09-21
1481,55,analyst,0,2025-11-10
1482,55,analyst,0,2025-09-30
1483,55,engineer,0,2025-10-08
1484,55,admin,0,2025-10-24
1485,55,analyst,0,2025-10-25
1486,55,manager,0,2025-11-04
1487,55,engineer,0,2025-09-25
1488,55,engineer,0,2025-10-04
1489,55,analyst,0,2025-11-03
1490,55,analyst,0,2025-10-31
1491,55,manager,0,2025-10-21
1492,55,analyst,0,2025-09-29
1493,55,analyst,0,2025-11-06
1494,55,manager,0,2025-09-29
1495,55,admin,0,2025-09-15
1496,55,engineer,0,2025-09-21
1497,55,admin,0,2025-11-03
1498,55,analyst,0,2025-09-17
1499,55,manager,0,2025-10-05
1500,55,admin,0,2025-09-16
1501,55,engineer,0,2025-11-05
1502,55,analyst,0,2025-09-28
1503,55,admin,0,2025-10-30
1504,55,analyst,1,2025-10-25
1505,55,manager,0,2025-10-05
1506,55,admin,0,2025-09-23
1507,55,analyst,0,2025-10-17
1508,55,admin,0,2025-10-29
1509,55,manager,0,2025-10-30
1510,55,admin,0,2025-10-23
1511,55,analyst,0,2025-09-25
1512,55,admin,1,2025-09-29
1513,55,admin,1,2025-11-11
1514,55,engineer,0,2025-10-17
1515,55,engineer,0,2025-11-04
1516,55,engineer,0,2025-10-14
1517,55,engineer,0,2025-10-23
1518,55,engineer,1,2025-11-08
1519,55,engineer,0,2025-09-25
1520,55,manager,0,2025-11-04
1521,55,engineer,1,2025-11-10
1522,55,admin,0,2025-10-27
1523,56,analyst,0,2025-11-04
1524,56,engineer,0,2025-11-04
1525,56,admin,1,2025-10-10
1526,56,admin,1,2025-10-24
1527,56,engineer,0,2025-09-30
1528,56,admin,0,2025-10-18
1529,56,manager,0,2025-10-07
1530,56,engineer,0,2025-11-04
1531,56,admin,0,2025-11-08
1532,56,analyst,0,2025-11-01
1533,56,manager,0,2025-10-19
1534,56,analyst,0,2025-10-03
1535,56,analyst,0,2025-10-26
1536,56,manager,0,2025-11-08
1537,56,admin,0,2025-10-20
1538,56,engineer,0,2025-11-05
1539,56,admin,0,2025-10-22
1540,56,admin,0,2025-10-18
1541,56,admin,0,2025-10-27
1542,56,engineer,0,2025-11-02
1543,56,admin,0,2025-11-13
1544,56,manager,0,2025-11-04
1545,56,analyst,0,2025-11-09
1546,56,engineer,0,2025-09-21
1547,56,admin,0,2025-10-26
1548,57,analyst,0,2025-11-09
1549,57,engineer,0,2025-11-03
1550,57,analyst,0,2025-09-19
1551,57,engineer,0,2025-10-22
1552,57,manager,0,2025-10-17
1553,57,admin,0,2025-10-29
1554,57,engineer,0,2025-10-16
1555,57,analyst,0,2025-10-31
1556,57,analyst,0,2025-10-09
1557,57,admin,0,2025-11-05
1558,57,admin,1,2025-11-09
1559,58,manager,0,2025-10-10
1560,58,admin,0,2025-09-22
1561,58,engineer,0,2025-09-23
1562,58,engineer,0,2025-10-11
1563,58,engineer,0,2025-10-09
1564,58,manager,0,2025-10-15
1565,58,analyst,1,2025-11-09
1566,58,engineer,0,2025-09-18
1567,58,admin,0,2025-10-13
1568,58,manager,0,2025-11-07
1569,58,engineer,0,2025-11-03
1570,58,manager,0,2025-11-01
1571,58,manager,0,2025-11-06
1572,58,admin,0,2025-10-18
1573,58,admin,0,2025-10-02
1574,59,analyst,0,2025-10-25
1575,59,admin,0,2025-11-09
1576,59,engineer,1,2025-10-10
1577,59,engineer,0,2025-10-10
1578,59,analyst,0,2025-09-21
1579,59,analyst,0,2025-10-12
1580,59,engineer,0,2025-09-17
1581,59,admin,0,2025-09-25
1582,59,engineer,0,2025-11-07
1583,59,engineer,0,2025-11-05
1584,59,manager,0,2025-10-09
1585,60,engineer,0,2025-10-29
1586,60,engineer,0,2025-10-04
1587,60,engineer,0,2025-10-09
1588,60,engineer,0,2025-11-12
1589,60,manager,0,2025-10-28
1590,60,engineer,0,2025-11-05
1591,60,engineer,1,2025-11-12
1592,60,engineer,0,2025-09-19
1593,60,analyst,0,2025-10-01
1594,60,manager,0,2025-11-11
1595,60,engineer,0,2025-09-17
1596,60,analyst,0,2025-09-18
1597,60,analyst,0,2025-11-13
1598,60,analyst,0,2025-09-23
1599,60,analyst,0,2025-10-26
1600,60,analyst,0,2025-09-22
1601,60,engineer,0,2025-09-21
1602,60,admin,0,2025-09-20
1603,60,manager,1,2025-11-06
1604,60,analyst,0,2025-09-28
1605,60,engineer,0,2025-09-26
1606,60,analyst,0,2025-10-28
1607,60,engineer,1,2025-10-07
1608,60,admin,0,2025-11-02
1609,60,engineer,0,2025-11-01
1610,60,engineer,0,2025-09-28
1611,60,engineer,0,2025-09-27
1612,60,analyst,0,2025-09-23
1613,60,admin,0,2025-10-13
1614,60,manager,0,2025-11-10
1615,60,analyst,0,2025-09-30
1616,60,engineer,0,2025-11-06
1617,60,admin,0,2025-11-03
1618,61,engineer,0,2025-11-11
1619,61,analyst,1,2025-09-30
1620,61,manager,0,2025-10-28
1621,61,analyst,0,2025-09-23
1622,61,engineer,0,2025-10-13
1623,61,engineer,0,2025-10-05
1624,61,admin,0,2025-10-02
1625,61,admin,1,2025-10-30
1626,61,analyst,0,2025-10-14
1627,61,engineer,0,2025-11-03
1628,61,engineer,0,2025-10-08
1629,61,analyst,0,2025-10-23
1630,61,manager,0,2025-09-22
1631,61,analyst,0,2025-09-28
1632,61,admin,0,2025-10-27
1633,61,admin,0,2025-10-21
1634,61,admin,0,2025-11-04
1635,61,manager,0,2025-09-21
1636,61,manager,0,2025-10-04
1637,61,manager,0,2025-10-02
1638,61,manager,0,2025-10-28
1639,62,analyst,0,2025-10-07
1640,62,analyst,1,2025-09-30
1641,62,analyst,1,2025-10-18
1642,62,engineer,0,2025-09-21
1643,62,analyst,0,2025-10-16
1644,62,analyst,0,2025-11-01
1645,62,engineer,0,2025-10-26
1646,62,engineer,0,2025-10-08
1647,62,admin,0,2025-11-14
1648,62,analyst,0,2025-10-10
1649,62,analyst,0,2025-10-26
1650,62,admin,0,2025-10-15
1651,62,admin,0,2025-10-24
1652,62,analyst,0,2025-10-05
1653,62,analyst,0,2025-09-20
1654,62,analyst,0,2025-10-29
1655,62,analyst,1,2025-11-02
1656,62,manager,0,2025-10-12
1657,62,manager,0,2025-09-18
1658,62,admin,0,2025-09-24
1659,62,engineer,0,2025-10-03
1660,62,analyst,0,2025-10-02
1661,62,manager,1,2025-09-29
1662,62,admin,0,2025-10-04
1663,62,engineer,0,2025-10-27
1664,62,analyst,0,2025-09-17
1665,62,engineer,0,2025-10-20
1666,62,engineer,0,2025-09-28
1667,62,admin,1,2025-10-08
1668,62,manager,0,2025-10-24
1669,62,manager,0,2025-10-02
1670,62,engineer,0,2025-09-17
1671,62,analyst,0,2025-10-13
1672,62,analyst,0,2025-09-21
1673,62,manager,0,2025-09-22
1674,62,manager,0,2025-10-27
1675,62,admin,0,2025-10-15
1676,62,manager,0,2025-09-28
1677,62,analyst,0,2025-09-29
1678,62,manager,0,2025-09-15
1679,62,analyst,0,2025-10-04
1680,62,admin,0,2025-10-31
1681,62,analyst,0,2025-10-31
1682,62,analyst,0,2025-10-19
1683,62,analyst,0,2025-10-22
1684,62,analyst,0,2025-10-08
1685,62,analyst,0,2025-10-16
1686,62,admin,0,2025-10-15
1687,62,admin,0,2025-09-20
1688,62,admin,0,2025-10-15
1689,62,manager,0,2025-10-13
1690,62,admin,0,2025-09-20
1691,62,engineer,0,2025-10-12
1692,62,analyst,0,2025-10-19
1693,62,admin,0,2025-09-20
1694,62,manager,0,2025-11-06
1695,62,manager,0,2025-10-24
1696,62,engineer,0,2025-10-09
1697,62,engineer,0,2025-11-05
1698,62,analyst,0,2025-09-20
1699,62,manager,1,2025-09-26
1700,62,admin,0,2025-10-14
1701,62,analyst,0,2025-10-05
1702,62,manager,0,2025-10-25
1703,62,admin,0,2025-11-14
1704,62,engineer,0,2025-10-28
1705,62,manager,0,2025-09-27
1706,62,manager,0,2025-10-09
1707,62,manager,0,2025-10-14
1708,62,admin,0,2025-11-06
1709,62,engineer,1,2025-10-05
1710,62,engineer,0,2025-10-20
1711,63,manager,1,2025-09-29
1712,63,analyst,1,2025-09-15
1713,63,admin,0,2025-09-18
1714,63,analyst,0,2025-09-27
1715,63,manager,0,2025-11-13
1716,63,admin,0,2025-10-05
1717,63,manager,0,2025-10-31
1718,63,analyst,0,2025-10-26
1719,63,manager,0,2025-11-08
1720,63,engineer,0,2025-10-13
1721,63,analyst,0,2025-11-04
1722,63,admin,0,2025-09-23
1723,63,admin,0,2025-10-26
1724,63,analyst,0,2025-10-16
1725,63,analyst,0,2025-10-18
1726,63,manager,0,2025-10-24
1727,63,engineer,0,2025-10-23
1728,63,manager,1,2025-11-04
1729,63,engineer,0,2025-11-13
1730,63,manager,0,2025-10-31
1731,63,manager,0,2025-11-01
1732,63,admin,0,2025-10-08
1733,63,manager,0,2025-11-07
1734,63,analyst,0,2025-09-30
1735,63,admin,0,2025-10-21
1736,63,analyst,0,2025-09-26
1737,63,admin,0,2025-10-07
1738,63,admin,0,2025-10-03
1739,63,admin,0,2025-10-04
1740,63,admin,0,2025-11-11
1741,64,admin,0,2025-10-10
1742,64,analyst,0,2025-10-15
1743,64,manager,0,2025-11-01
1744,64,admin,1,2025-10-26
1745,64,engineer,0,2025-10-03
1746,64,admin,0,2025-10-03
1747,65,manager,0,2025-10-19
1748,65,admin,0,2025-10-13
1749,65,admin,0,2025-10-27
1750,65,admin,0,2025-09-25
1751,65,admin,0,2025-10-14
1752,65,manager,0,2025-10-07
1753,65,manager,0,2025-09-26
1754,65,analyst,0,2025-09-22
1755,65,manager,0,2025-10-23
1756,65,engineer,0,2025-10-27
1757,65,manager,0,2025-11-12
1758,65,engineer,0,2025-09-17
1759,65,manager,0,2025-10-01
1760,65,engineer,0,2025-10-24
1761,65,manager,0,2025-11-14
1762,65,admin,0,2025-10-03
1763,65,admin,0,2025-09-17
1764,65,admin,0,2025-09-22
1765,65,engineer,0,2025-11-05
1766,65,admin,1,2025-09-26
1767,65,admin,0,2025-09-29
1768,65,admin,0,2025-09-18
1769,65,analyst,1,2025-10-04
1770,66,manager,0,2025-09-20
1771,66,admin,0,2025-09-21
1772,66,analyst,0,2025-10-22
1773,66,analyst,1,2025-10-18
1774,66,admin,0,2025-11-08
1775,66,admin,0,2025-11-14
1776,66,manager,1,2025-10-03
1777,66,manager,0,2025-10-24
1778,66,analyst,0,2025-09-18
1779,66,engineer,0,2025-10-06
1780,66,analyst,0,2025-09-19
1781,66,admin,0,2025-10-22
1782,66,analyst,0,2025-11-03
1783,66,admin,0,2025-10-20
1784,66,engineer,0,2025-10-16
1785,66,analyst,0,2025-09-22
1786,66,engineer,1,2025-10-01
1787,66,engineer,0,2025-09-24
1788,66,engineer,0,2025-10-04
1789,66,manager,0,2025-11-07
1790,66,manager,0,2025-10-01
1791,66,admin,0,2025-09-15
1792,66,manager,0,2025-11-08
1793,66,engineer,0,2025-09-17
1794,66,engineer,0,2025-09-24
1795,66,engineer,0,2025-11-03
1796,66,engineer,0,2025-09-26
1797,66,analyst,0,2025-10-06
1798,66,admin,0,2025-09-20
1799,66,manager,1,2025-10-15
1800,66,engineer,0,2025-11-07
1801,66,engineer,0,2025-10-17
1802,66,admin,0,2025-11-10
1803,66,analyst,0,2025-10-04
1804,66,analyst,0,2025-11-14
1805,66,manager,0,2025-10-03
1806,66,analyst,0,2025-10-12
1807,66,admin,0,2025-10-18
1808,66,manager,0,2025-10-15
1809,66,analyst,0,2025-10-03
1810,66,engineer,0,2025-11-05
1811,66,admin,0,2025-11-14
1812,66,manager,0,2025-10-13
1813,66,engineer,0,2025-09-21
1814,66,engineer,0,2025-09-20
1815,66,manager,0,2025-11-10
1816,66,engineer,0,2025-10-25
1817,66,manager,0,2025-10-24
1818,66,analyst,0,2025-11-11
1819,66,manager,0,2025-10-10
1820,66,engineer,0,2025-10-20
1821,66,manager,0,2025-11-09
1822,66,engineer,1,2025-10-17
1823,66,engineer,0,2025-11-09
1824,66,engineer,0,2025-10-17
1825,66,analyst,0,2025-11-07
1826,66,engineer,0,2025-09-28
1827,66,admin,0,2025-11-08
1828,67,admin,0,2025-09-23
1829,67,admin,0,2025-09-25
1830,67,analyst,0,2025-09-19
1831,67,manager,0,2025-10-04
1832,67,engineer,0,2025-09-15
1833,67,analyst,0,2025-10-22
1834,67,admin,0,2025-09-23
1835,67,manager,0,2025-09-21
1836,67,engineer,1,2025-10-24
1837,67,engineer,0,2025-09-30
1838,67,analyst,0,2025-09-30
1839,68,manager,0,2025-11-14
1840,68,analyst,0,2025-10-23
1841,68,analyst,0,2025-10-10
1842,68,analyst,0,2025-10-01
1843,68,admin,0,2025-11-12
1844,68,manager,0,2025-10-14
1845,68,manager,0,2025-09-23
1846,68,engineer,0,2025-11-08
1847,68,analyst,0,2025-10-06
1848,68,manager,0,2025-11-02
1849,68,admin,1,2025-09-16
1850,68,engineer,0,2025-11-01
1851,69,admin,0,2025-09-26
1852,69,engineer,0,2025-10-16
1853,69,manager,1,2025-10-14
1854,69,admin,0,2025-10-12
1855,69,admin,0,2025-10-10
1856,69,engineer,0,2025-09-22
1857,69,engineer,1,2025-09-16
1858,69,manager,0,2025-10-01
1859,69,manager,0,2025-09-29
1860,69,manager,0,2025-11-08
1861,69,engineer,0,2025-10-03
1862,69,analyst,0,2025-10-13
1863,69,engineer,0,2025-10-19
1864,69,manager,0,2025-10-28
1865,69,engineer,0,2025-10-24
1866,69,analyst,0,2025-10-17
1867,69,manager,0,2025-11-06
1868,69,engineer,0,2025-10-07
1869,69,analyst,0,2025-09-22
1870,69,analyst,0,2025-09-30
1871,69,manager,0,2025-11-02
1872,69,manager,1,2025-10-06
1873,69,analyst,0,2025-10-02
1874,69,analyst,0,2025-09-17
1875,69,manager,0,2025-09-30
1876,69,manager,0,2025-10-13
1877,69,analyst,1,2025-09-30
1878,69,admin,0,2025-09-27
1879,69,analyst,0,2025-10-10
1880,69,engineer,0,2025-10-08
1881,69,engineer,0,2025-10-02
1882,69,analyst,0,2025-09-19
1883,69,engineer,0,2025-09-24
1884,69,admin,0,2025-10-12
1885,69,admin,0,2025-11-13
1886,69,engineer,0,2025-11-05
1887,69,admin,0,2025-10-03
1888,69,admin,0,2025-11-02
1889,69,analyst,0,2025-09-27
1890,69,manager,0,2025-10-27
1891,70,analyst,0,2025-11-01
1892,70,admin,1,2025-10-23
1893,70,engineer,0,2025-11-08
1894,70,manager,0,2025-09-28
1895,70,engineer,0,2025-10-30
1896,70,analyst,0,2025-10-01
1897,70,admin,0,2025-09-16
1898,70,engineer,0,2025-10-21
1899,70,engineer,0,2025-09-25
1900,70,analyst,0,2025-10-10
1901,70,admin,0,2025-11-14
1902,70,analyst,0,2025-11-02
1903,70,engineer,0,2025-09-22
1904,70,manager,0,2025-09-17
1905,70,analyst,0,2025-09-27
1906,70,manager,0,2025-09-26
1907,70,manager,0,2025-10-27
1908,70,engineer,0,2025-11-03
1909,70,admin,0,2025-11-03
1910,70,manager,0,2025-09-28
1911,70,admin,0,2025-10-21
1912,70,admin,0,2025-10-18
1913,70,analyst,1,2025-10-10
1914,71,admin,0,2025-10-24
1915,71,engineer,0,2025-09-30
1916,71,manager,0,2025-11-12
1917,71,manager,0,2025-09-16
1918,71,analyst,1,2025-10-07
1919,71,admin,0,2025-09-26
1920,71,analyst,0,2025-10-14
1921,71,analyst,0,2025-11-10
1922,71,analyst,0,2025-10-12
1923,72,manager,0,2025-10-19
1924,72,engineer,0,2025-11-09
1925,72,analyst,1,2025-10-31
1926,72,manager,0,2025-10-03
1927,72,analyst,0,2025-10-24
1928,72,analyst,0,2025-10-27
1929,72,manager,0,2025-09-15
1930,72,engineer,0,2025-10-10
1931,72,admin,0,2025-11-07
1932,72,analyst,0,2025-10-17
1933,72,manager,0,2025-09-18
1934,72,manager,0,2025-11-12
1935,72,analyst,0,2025-10-21
1936,72,admin,0,2025-10-21
1937,72,analyst,0,2025-10-11
1938,72,analyst,0,2025-11-13
1939,72,analyst,1,2025-10-13
1940,72,engineer,0,2025-10-14
1941,72,admin,0,2025-10-27
1942,72,manager,0,2025-10-25
1943,73,admin,0,2025-10-05
1944,73,admin,0,2025-11-01
1945,73,manager,0,2025-09-20
1946,73,engineer,0,2025-09-22
1947,73,admin,0,2025-11-01
1948,73,engineer,1,2025-10-04
1949,73,admin,0,2025-09-28
1950,73,manager,0,2025-11-13
1951,73,engineer,0,2025-09-30
1952,73,analyst,0,2025-11-12
1953,73,admin,0,2025-11-10
1954,73,admin,0,2025-11-03
1955,73,analyst,0,2025-10-10
1956,73,admin,0,2025-10-09
1957,73,manager,0,2025-09-17
1958,73,analyst,0,2025-10-19
1959,73,engineer,0,2025-10-17
1960,74,admin,0,2025-10-21
1961,74,admin,0,2025-10-11
1962,74,admin,0,2025-10-04
1963,74,admin,0,2025-09-27
1964,74,admin,0,2025-10-01
1965,74,admin,1,2025-10-23
1966,74,admin,0,2025-10-27
1967,74,analyst,0,2025-10-07
1968,74,admin,0,2025-10-27
1969,74,engineer,0,2025-10-21
1970,74,engineer,0,2025-09-23
1971,74,admin,0,2025-10-15
1972,74,manager,0,2025-10-11
1973,74,manager,0,2025-11-06
1974,74,engineer,0,2025-09-25
1975,75,analyst,0,2025-10-02
1976,75,analyst,0,2025-09-15
1977,75,admin,1,2025-10-10
1978,75,manager,0,2025-11-07
1979,75,admin,0,2025-11-14
1980,75,engineer,0,2025-10-11
1981,75,admin,0,2025-10-26
1982,75,manager,0,2025-09-28
1983,75,analyst,0,2025-11-01
1984,75,engineer,0,2025-09-18
1985,75,manager,0,2025-11-04
1986,75,manager,0,2025-10-31
1987,75,analyst,0,2025-11-02
1988,76,engineer,0,2025-10-04
1989,76,admin,1,2025-10-27
1990,76,admin,0,2025-10-29
1991,76,admin,0,2025-11-02
1992,76,engineer,0,2025-09-15
1993,76,analyst,0,2025-10-23
1994,76,manager,0,2025-10-03
1995,76,manager,0,2025-11-08
1996,76,analyst,0,2025-10-06
1997,76,admin,0,2025-09-18
1998,76,manager,0,2025-10-25
1999,76,engineer,0,2025-10-17
2000,76,analyst,0,2025-10-06
2001,76,analyst,0,2025-10-01
2002,76,manager,0,2025-10-09
2003,76,analyst,0,2025-09-24
2004,76,analyst,0,2025-10-18
2005,76,manager,1,2025-11-14
2006,76,analyst,0,2025-10-30
2007,76,manager,0,2025-09-30
2008,77,analyst,0,2025-11-06
2009,77,analyst,0,2025-09-19
2010,77,engineer,0,2025-10-16
2011,77,engineer,0,2025-10-23
2012,77,analyst,0,2025-10-14
2013,77,admin,0,2025-11-03
2014,77,admin,0,2025-09-22
2015,77,analyst,0,2025-09-21
2016,77,manager,0,2025-09-18
2017,77,manager,0,2025-10-29
2018,77,admin,0,2025-09-29
2019,77,admin,0,2025-09-18
2020,77,admin,0,2025-09-21
2021,77,admin,1,2025-09-23
2022,77,engineer,0,2025-09-26
2023,78,engineer,0,2025-10-04
2024,78,manager,0,2025-10-22
2025,78,engineer,0,2025-10-31
2026,78,analyst,0,2025-11-06
2027,78,engineer,0,2025-10-13
2028,78,admin,0,2025-10-20
2029,78,analyst,0,2025-10-13
2030,78,admin,0,2025-10-03
2031,78,manager,1,2025-09-21
2032,78,manager,0,2025-09-27
2033,78,manager,0,2025-10-17
2034,78,manager,0,2025-11-03
2035,78,manager,0,2025-09-28
2036,78,engineer,0,2025-09-15
2037,78,analyst,0,2025-11-12
2038,78,manager,0,2025-09-27
2039,78,engineer,0,2025-10-31
2040,78,admin,1,2025-10-29
2041,78,analyst,0,2025-10-31
2042,78,admin,0,2025-10-03
2043,78,manager,0,2025-10-12
2044,79,admin,0,2025-11-12
2045,79,analyst,0,2025-11-08
2046,79,analyst,0,2025-09-22
2047,79,analyst,0,2025-10-08
2048,79,manager,0,2025-10-21
2049,79,engineer,0,2025-10-22
2050,79,admin,0,2025-10-12
2051,79,analyst,1,2025-10-21
2052,79,manager,0,2025-10-12
2053,79,engineer,0,2025-10-23
2054,80,manager,1,2025-10-17
2055,80,manager,0,2025-10-31
2056,80,admin,0,2025-10-13
2057,80,analyst,0,2025-11-01
2058,80,manager,0,2025-11-03
2059,80,manager,0,2025-10-22
2060,80,admin,0,2025-10-03
2061,80,manager,0,2025-10-19
2062,80,analyst,0,2025-09-29
2063,80,admin,0,2025-10-15
2064,80,engineer,0,2025-10-15
2065,80,manager,0,2025-10-08
2066,80,manager,0,2025-10-04
2067,80,engineer,0,2025-11-13
2068,80,manager,0,2025-11-12
2069,80,manager,0,2025-10-09
2070,80,manager,0,2025-11-06
2071,80,admin,0,2025-09-18
2072,80,manager,0,2025-11-11
2073,80,manager,1,2025-10-29
2074,80,manager,0,2025-10-12
2075,80,engineer,0,2025-10-07
2076,80,admin,0,2025-09-19
2077,80,analyst,0,2025-09-15
2078,80,admin,0,2025-11-01
2079,80,engineer,0,2025-10-07
2080,80,engineer,0,2025-09-20
2081,80,engineer,0,2025-11-04
2082,80,manager,1,2025-09-22
2083,80,engineer,0,2025-10-07
2084,81,manager,0,2025-10-06
2085,81,analyst,0,2025-11-04
2086,81,analyst,0,2025-09-16
2087,81,engineer,0,2025-10-07
2088,81,admin,0,2025-10-31
2089,81,engineer,0,2025-10-21
2090,81,manager,1,2025-11-08
2091,82,admin,0,2025-11-09
2092,82,engineer,0,2025-10-03
2093,82,manager,0,2025-09-18
2094,82,admin,0,2025-09-18
2095,82,engineer,1,2025-10-12
2096,82,engineer,0,2025-10-22
2097,82,admin,0,2025-10-01
2098,82,engineer,0,2025-10-31
2099,82,engineer,0,2025-09-25
2100,82,engineer,0,2025-10-23
2101,82,admin,0,2025-10-18
2102,82,manager,0,2025-10-29
2103,82,engineer,1,2025-09-26
2104,82,manager,0,2025-09-17
2105,82,admin,0,2025-10-27
2106,82,engineer,0,2025-10-29
2107,82,manager,0,2025-11-14
2108,82,admin,0,2025-10-09
2109,82,admin,0,2025-10-12
2110,82,admin,1,2025-10-21
2111,82,manager,0,2025-10-01
2112,82,analyst,0,2025-10-19
2113,82,analyst,1,2025-11-08
2114,82,manager,0,2025-10-18
2115,82,analyst,0,2025-10-29
2116,82,engineer,0,2025-10-09
2117,82,analyst,0,2025-10-06
2118,82,analyst,0,2025-10-02
2119,82,engineer,0,2025-09-27
2120,82,manager,0,2025-10-19
2121,82,engineer,0,2025-11-03
2122,82,analyst,0,2025-10-10
2123,82,engineer,0,2025-10-29
2124,82,analyst,0,2025-10-09
2125,82,analyst,0,2025-09-26
2126,82,engineer,0,2025-09-28
2127,82,manager,0,2025-09-21
2128,82,admin,0,2025-09-28
2129,82,manager,0,2025-10-17
2130,82,manager,0,2025-11-08
2131,82,manager,0,2025-10-13
2132,82,engineer,0,2025-09-25
2133,82,analyst,0,2025-09-24
2134,82,admin,0,2025-11-04
2135,82,engineer,0,2025-10-05
2136,82,admin,0,2025-09-24
2137,82,admin,0,2025-09-23
2138,82,manager,0,2025-10-15
2139,82,engineer,0,2025-11-09
2140,82,admin,0,2025-10-29
2141,82,manager,0,2025-10-22
2142,82,admin,0,2025-10-07
2143,82,admin,0,2025-09-29
2144,82,engineer,1,2025-09-16
2145,82,engineer,0,2025-10-06
2146,82,analyst,0,2025-09-30
2147,82,admin,0,2025-09-15
2148,82,manager,0,2025-10-05
2149,82,engineer,0,2025-10-17
2150,82,admin,0,2025-11-02
2151,82,analyst,1,2025-11-02
2152,82,admin,0,2025-09-25
2153,82,manager,0,2025-10-06
2154,82,manager,0,2025-10-02
2155,82,admin,1,2025-10-22
2156,82,manager,0,2025-10-04
2157,82,admin,0,2025-11-04
2158,82,admin,0,2025-10-28
2159,82,engineer,0,2025-10-23
2160,82,engineer,0,2025-10-20
2161,82,manager,0,2025-10-12
2162,82,admin,0,2025-09-28
2163,82,admin,0,2025-09-17
2164,83,analyst,0,2025-10-23
2165,83,analyst,0,2025-10-31
2166,83,manager,0,2025-10-16
2167,83,engineer,0,2025-10-09
2168,83,admin,0,2025-10-29
2169,83,manager,1,2025-10-19
2170,84,analyst,0,2025-10-24
2171,84,admin,1,2025-09-24
2172,84,analyst,0,2025-09-19
2173,84,analyst,0,2025-10-01
2174,84,engineer,0,2025-10-21
2175,84,engineer,0,2025-09-26
2176,84,manager,0,2025-09-27
2177,84,analyst,0,2025-09-26
2178,84,engineer,0,2025-10-02
2179,84,engineer,0,2025-09-18
2180,84,admin,0,2025-10-15
2181,84,admin,0,2025-10-29
2182,84,admin,0,2025-10-21
2183,85,admin,0,2025-10-01
2184,85,analyst,0,2025-10-30
2185,85,analyst,0,2025-11-09
2186,85,engineer,0,2025-10-02
2187,85,analyst,0,2025-11-10
2188,85,manager,0,2025-10-15
2189,85,analyst,0,2025-10-23
2190,85,manager,0,2025-09-18
2191,85,analyst,0,2025-11-03
2192,85,manager,0,2025-10-14
2193,85,manager,0,2025-10-30
2194,85,manager,0,2025-09-20
2195,85,analyst,0,2025-11-01
2196,85,manager,0,2025-11-02
2197,85,manager,1,2025-09-22
2198,85,analyst,0,2025-11-05
2199,85,admin,0,2025-11-07
2200,85,admin,0,2025-10-02
2201,85,engineer,0,2025-10-06
2202,85,admin,0,2025-09-27
2203,85,admin,1,2025-09-21
2204,85,engineer,0,2025-10-22
2205,85,analyst,1,2025-10-14
2206,85,analyst,0,2025-10-14
2207,85,manager,0,2025-09-27
2208,85,analyst,0,2025-10-20
2209,85,manager,1,2025-09-27
2210,85,manager,0,2025-11-11
2211,85,engineer,0,2025-10-15
2212,85,admin,0,2025-10-13
2213,85,analyst,0,2025-10-20
2214,85,manager,0,2025-10-16
2215,85,admin,0,2025-10-01
2216,85,engineer,0,2025-10-25
2217,85,admin,0,2025-11-14
2218,85,manager,0,2025-10-21
2219,85,admin,0,2025-10-25
2220,85,analyst,0,2025-10-06
2221,85,analyst,0,2025-11-03
2222,85,analyst,0,2025-10-30
2223,86,analyst,0,2025-10-22
2224,86,engineer,0,2025-10-28
2225,86,engineer,0,2025-11-03
2226,86,manager,0,2025-10-09
2227,86,manager,0,2025-09-23
2228,86,admin,0,2025-09-29
2229,86,analyst,0,2025-09-24
2230,86,manager,0,2025-10-10
2231,86,engineer,0,2025-09-21
2232,86,engineer,0,2025-11-02
2233,86,manager,0,2025-09-24
2234,86,manager,0,2025-10-15
2235,86,admin,0,2025-11-03
2236,86,engineer,0,2025-10-14
2237,86,manager,0,2025-09-18
2238,86,analyst,0,2025-09-25
2239,86,engineer,0,2025-10-26
2240,86,analyst,0,2025-10-10
2241,86,admin,0,2025-10-20
2242,86,admin,0,2025-10-01
2243,86,manager,0,2025-11-11
2244,86,manager,0,2025-09-23
2245,86,analyst,0,2025-10-15
2246,86,admin,1,2025-10-17
2247,86,analyst,0,2025-10-29
2248,86,analyst,0,2025-10-22
2249,86,analyst,1,2025-10-23
2250,86,admin,0,2025-10-19
2251,86,admin,0,2025-10-23
2252,86,manager,0,2025-10-09
2253,86,manager,0,2025-09-26
2254,86,analyst,0,2025-10-23
2255,86,analyst,0,2025-10-02
2256,86,engineer,0,2025-09-26
2257,86,engineer,0,2025-09-19
2258,86,admin,0,2025-10-21
2259,86,analyst,0,2025-10-16
2260,86,manager,0,2025-09-20
2261,86,manager,0,2025-10-05
2262,86,analyst,0,2025-10-19
2263,86,engineer,0,2025-09-21
2264,86,admin,0,2025-11-09
2265,86,manager,0,2025-10-24
2266,86,manager,1,2025-10-25
2267,86,analyst,0,2025-10-04
2268,86,analyst,0,2025-09-30
2269,86,analyst,1,2025-10-07
2270,86,engineer,0,2025-10-28
2271,86,engineer,0,2025-09-26
2272,86,analyst,0,2025-09-28
2273,86,engineer,0,2025-10-19
2274,86,manager,0,2025-11-03
2275,86,admin,0,2025-11-06
2276,86,manager,1,2025-10-03
2277,86,analyst,1,2025-09-15
2278,86,admin,0,2025-11-01
2279,86,manager,0,2025-10-20
2280,86,admin,0,2025-11-08
2281,86,admin,0,2025-09-16
2282,86,engineer,0,2025-10-10
2283,86,admin,0,2025-11-13
2284,86,engineer,0,2025-10-12
2285,86,admin,0,2025-11-08
2286,86,analyst,1,2025-10-06
2287,86,manager,0,2025-11-09
2288,86,engineer,0,2025-10-26
2289,86,manager,0,2025-10-30
2290,86,analyst,0,2025-10-17
2291,86,manager,0,2025-11-06
2292,86,manager,0,2025-11-13
2293,86,admin,0,2025-10-03
2294,86,analyst,0,2025-09-20
2295,86,analyst,0,2025-09-20
2296,86,engineer,0,2025-10-16
2297,86,analyst,0,2025-10-10
2298,86,engineer,0,2025-11-06
2299,86,manager,0,2025-10-08
2300,86,engineer,0,2025-10-05
2301,86,engineer,0,2025-10-12
2302,87,analyst,0,2025-10-22
2303,87,engineer,0,2025-10-29
2304,87,manager,0,2025-10-26
2305,87,admin,0,2025-11-14
2306,87,manager,0,2025-10-23
2307,87,analyst,0,2025-10-15
2308,87,admin,0,2025-10-01
2309,87,engineer,0,2025-09-15
2310,87,engineer,0,2025-10-26
2311,87,admin,0,2025-09-26
2312,87,engineer,0,2025-09-24
2313,87,analyst,1,2025-10-07
2314,87,manager,0,2025-09-25
2315,87,admin,0,2025-10-10
2316,87,analyst,0,2025-11-02
2317,87,engineer,0,2025-09-19
2318,87,engineer,0,2025-10-20
2319,87,manager,0,2025-11-04
2320,87,engineer,0,2025-09-22
2321,87,engineer,0,2025-10-31
2322,87,analyst,0,2025-11-09
2323,87,engineer,0,2025-10-05
2324,87,manager,0,2025-10-12
2325,87,analyst,0,2025-10-27
2326,87,analyst,0,2025-10-19
2327,87,manager,0,2025-09-21
2328,87,admin,0,2025-11-03
2329,87,manager,0,2025-10-27
2330,87,admin,0,2025-10-05
2331,87,engineer,1,2025-10-06
2332,87,engineer,0,2025-10-28
2333,87,engineer,0,2025-11-02
2334,87,analyst,0,2025-11-13
2335,87,manager,0,2025-11-11
2336,87,admin,0,2025-11-03
2337,87,admin,0,2025-10-27
2338,87,analyst,0,2025-11-06
2339,87,engineer,0,2025-09-29
2340,87,admin,0,2025-10-31
2341,87,admin,1,2025-11-05
2342,87,admin,0,2025-10-14
2343,87,manager,0,2025-10-24
2344,87,engineer,0,2025-10-26
2345,87,engineer,0,2025-10-22
2346,87,engineer,1,2025-10-01
2347,87,admin,0,2025-10-24
2348,87,admin,0,2025-09-22
2349,87,manager,0,2025-11-11
2350,87,analyst,0,2025-09-26
2351,87,engineer,0,2025-11-10
2352,87,engineer,0,2025-11-03
2353,87,manager,0,2025-09-18
2354,87,analyst,0,2025-09-23
2355,87,engineer,0,2025-09-22
2356,87,admin,0,2025-11-07
2357,87,manager,0,2025-10-21
2358,87,engineer,1,2025-10-30
2359,87,admin,0,2025-11-02
2360,87,engineer,0,2025-09-28
2361,87,admin,0,2025-10-12
2362,87,manager,0,2025-10-15
2363,87,engineer,1,2025-10-02
2364,87,analyst,0,2025-09-16
2365,87,analyst,0,2025-11-04
2366,87,admin,0,2025-09-28
2367,87,admin,0,2025-10-29
2368,87,engineer,0,2025-10-05
2369,87,analyst,0,2025-11-02
2370,87,analyst,0,2025-09-19
2371,87,admin,1,2025-09-20
2372,87,manager,0,2025-11-07
2373,87,manager,0,2025-10-05
2374,87,engineer,0,2025-10-25
2375,87,admin,0,2025-11-04
2376,88,engineer,1,2025-10-01
2377,88,manager,0,2025-10-22
2378,88,admin,1,2025-10-30
2379,88,manager,0,2025-10-14
2380,88,admin,0,2025-10-02
2381,88,analyst,0,2025-09-16
2382,88,admin,0,2025-11-11
2383,88,analyst,0,2025-10-04
2384,88,manager,0,2025-10-01
2385,88,admin,0,2025-11-06
2386,88,engineer,0,2025-10-31
2387,88,analyst,0,2025-10-10
2388,88,analyst,0,2025-09-24
2389,88,engineer,0,2025-09-29
2390,88,manager,0,2025-11-13
2391,88,engineer,1,2025-10-23
2392,88,manager,0,2025-10-29
2393,88,admin,0,2025-10-14
2394,88,engineer,0,2025-10-10
2395,88,analyst,0,2025-10-11
2396,88,engineer,0,2025-11-02
2397,88,manager,0,2025-10-11
2398,88,analyst,0,2025-10-25
2399,88,engineer,0,2025-10-28
2400,88,manager,0,2025-11-10
2401,88,manager,1,2025-10-17
2402,88,analyst,0,2025-09-23
2403,88,analyst,0,2025-10-11
2404,88,analyst,0,2025-10-16
2405,88,admin,0,2025-09-26
2406,88,engineer,0,2025-09-29
2407,88,manager,0,2025-09-19
2408,88,admin,0,2025-10-06
2409,88,analyst,0,2025-09-26
2410,88,manager,0,2025-10-25
2411,88,admin,0,2025-10-03
2412,88,engineer,0,2025-11-02
2413,88,engineer,0,2025-09-26
2414,88,manager,0,2025-10-06
2415,88,analyst,0,2025-10-25
2416,88,engineer,0,2025-10-04
2417,88,analyst,0,2025-11-07
2418,88,admin,0,2025-10-12
2419,88,admin,0,2025-11-12
2420,88,manager,0,2025-11-03
2421,88,admin,0,2025-11-02
2422,88,admin,0,2025-10-14
2423,89,engineer,0,2025-10-12
2424,89,analyst,0,2025-11-11
2425,89,analyst,0,2025-10-31
2426,89,admin,0,2025-11-14
2427,89,manager,0,2025-10-04
2428,89,engineer,0,2025-09-16
2429,89,admin,1,2025-10-16
2430,89,admin,0,2025-10-22
2431,90,admin,0,2025-09-22
2432,90,analyst,0,2025-11-10
2433,90,manager,1,2025-10-12
2434,90,admin,0,2025-11-08
2435,90,manager,0,2025-10-11
2436,90,engineer,0,2025-11-02
2437,90,manager,0,2025-10-12
2438,90,manager,1,2025-10-09
2439,90,manager,0,2025-10-10
2440,90,engineer,0,2025-09-28
2441,90,admin,0,2025-09-26
2442,90,analyst,0,2025-10-02
2443,90,engineer,0,2025-10-01
2444,90,engineer,0,2025-09-19
2445,90,admin,0,2025-11-04
2446,90,manager,0,2025-10-10
2447,90,engineer,0,2025-10-13
2448,90,analyst,0,2025-10-03
2449,90,manager,0,2025-10-11
2450,90,engineer,0,2025-09-16
2451,90,analyst,0,2025-09-18
2452,90,analyst,0,2025-10-10
2453,90,analyst,0,2025-09-21
2454,90,analyst,0,2025-10-19
2455,90,engineer,0,2025-09-23
2456,90,analyst,0,2025-10-07
2457,90,manager,0,2025-10-09
2458,90,manager,0,2025-10-21
2459,90,analyst,0,2025-10-22
2460,90,engineer,0,2025-10-17
2461,90,engineer,0,2025-11-14
2462,90,admin,0,2025-10-27
2463,90,admin,0,2025-10-12
2464,90,manager,1,2025-09-19
2465,90,analyst,1,2025-11-14
2466,90,analyst,0,2025-10-31
2467,90,manager,0,2025-09-21
2468,90,analyst,0,2025-11-13
2469,90,analyst,0,2025-09-17
2470,90,manager,0,2025-11-08
2471,90,admin,0,2025-10-16
2472,90,analyst,0,2025-11-05
2473,90,manager,0,2025-10-29
2474,90,analyst,0,2025-09-19
2475,90,manager,0,2025-10-31
2476,90,analyst,0,2025-09-24
2477,90,analyst,1,2025-11-09
2478,90,engineer,1,2025-10-09
2479,90,manager,0,2025-09-29
2480,90,admin,0,2025-09-29
2481,90,analyst,0,2025-09-25
2482,90,engineer,0,2025-11-03
2483,90,engineer,0,2025-09-23
2484,90,admin,0,2025-10-07
2485,90,analyst,0,2025-11-12
2486,90,engineer,0,2025-11-09
2487,90,admin,0,2025-09-17
2488,90,analyst,0,2025-10-23
2489,90,engineer,0,2025-10-19
2490,90,admin,0,2025-09-20
2491,90,manager,0,2025-09-28
2492,90,admin,0,2025-10-05
2493,90,engineer,0,2025-11-11
2494,90,analyst,0,2025-10-12
2495,90,admin,0,2025-10-25
2496,90,manager,0,2025-10-25
2497,91,admin,0,2025-10-02
2498,91,engineer,0,2025-10-17
2499,91,admin,1,2025-10-31
2500,91,engineer,0,2025-10-27
2501,91,engineer,0,2025-11-05
2502,91,manager,0,2025-10-24
2503,91,admin,0,2025-10-15
2504,91,admin,0,2025-10-10
2505,91,engineer,0,2025-10-29
2506,91,admin,0,2025-10-20
2507,91,engineer,0,2025-09-26
2508,91,manager,0,2025-09-27
2509,91,manager,0,2025-10-15
2510,92,manager,0,2025-10-10
2511,92,manager,0,2025-10-30
2512,92,admin,0,2025-10-28
2513,92,engineer,0,2025-10-25
2514,92,admin,0,2025-11-07
2515,92,engineer,0,2025-10-18
2516,92,analyst,1,2025-10-23
2517,92,manager,0,2025-10-25
2518,92,analyst,0,2025-10-07
2519,92,admin,0,2025-09-26
2520,92,analyst,0,2025-11-04
2521,92,analyst,0,2025-10-06
2522,92,engineer,0,2025-10-06
2523,93,admin,0,2025-11-07
2524,93,admin,0,2025-10-30
2525,93,manager,0,2025-09-20
2526,93,analyst,0,2025-11-14
2527,93,analyst,0,2025-10-01
2528,93,admin,0,2025-10-26
2529,93,engineer,0,2025-10-15
2530,93,admin,0,2025-10-24
2531,93,manager,0,2025-09-28
2532,93,manager,1,2025-11-01
2533,93,analyst,0,2025-10-10
2534,93,engineer,0,2025-10-06
2535,93,manager,1,2025-10-01
2536,93,admin,0,2025-10-21
2537,93,admin,1,2025-10-29
2538,93,manager,0,2025-11-11
2539,93,analyst,0,2025-11-02
2540,93,analyst,0,2025-11-11
2541,93,engineer,0,2025-10-04
2542,93,admin,0,2025-11-10
2543,93,engineer,0,2025-10-03
2544,93,analyst,0,2025-10-03
2545,93,analyst,0,2025-09-20
2546,93,admin,1,2025-11-13
2547,93,analyst,0,2025-09-20
2548,93,engineer,0,2025-10-31
2549,93,engineer,0,2025-10-13
2550,93,admin,0,2025-09-18
2551,93,analyst,0,2025-10-14
2552,93,admin,0,2025-11-03
2553,93,manager,0,2025-10-13
2554,93,engineer,0,2025-10-10
2555,93,admin,0,2025-11-12
2556,93,manager,0,2025-09-16
2557,93,analyst,0,2025-10-24
2558,93,engineer,0,2025-10-20
2559,93,manager,0,2025-11-13
2560,93,analyst,0,2025-10-02
2561,93,analyst,0,2025-10-23
2562,93,analyst,0,2025-10-30
2563,93,analyst,0,2025-09-24
2564,93,admin,0,2025-10-05
2565,94,manager,0,2025-11-05
2566,94,analyst,0,2025-09-18
2567,94,engineer,0,2025-10-03
2568,94,manager,0,2025-11-09
2569,94,engineer,0,2025-10-12
2570,94,manager,0,2025-10-19
2571,94,manager,0,2025-10-09
2572,94,manager,0,2025-10-18
2573,94,analyst,1,2025-09-17
2574,94,analyst,0,2025-10-17
2575,94,manager,0,2025-11-01
2576,94,manager,0,2025-10-08
2577,94,manager,0,2025-09-20
2578,94,manager,0,2025-10-26
2579,94,manager,0,2025-10-18
2580,94,manager,0,2025-10-04
2581,94,manager,0,2025-10-25
2582,94,admin,1,2025-10-10
2583,94,admin,0,2025-11-03
2584,94,analyst,0,2025-09-22
2585,94,manager,0,2025-09-29
2586,94,admin,0,2025-09-27
2587,94,analyst,0,2025-09-19
2588,94,engineer,0,2025-10-19
2589,94,analyst,0,2025-10-17
2590,94,analyst,0,2025-11-05
2591,94,manager,0,2025-11-08
2592,95,manager,0,2025-10-07
2593,95,manager,0,2025-10-31
2594,95,admin,0,2025-10-23
2595,95,admin,0,2025-10-01
2596,95,engineer,0,2025-11-06
2597,95,engineer,0,2025-09-30
2598,95,analyst,0,2025-11-03
2599,95,engineer,0,2025-10-14
2600,95,engineer,0,2025-11-06
2601,95,manager,0,2025-11-02
2602,95,manager,0,2025-11-12
2603,95,engineer,0,2025-09-27
2604,95,admin,0,2025-09-16
2605,95,analyst,0,2025-09-15
2606,95,engineer,0,2025-10-31
2607,95,manager,0,2025-09-27
2608,95,manager,0,2025-11-10
2609,95,manager,1,2025-09-16
2610,95,engineer,0,2025-09-20
2611,95,engineer,0,2025-10-01
2612,95,analyst,0,2025-09-20
2613,95,engineer,0,2025-09-19
2614,95,manager,0,2025-10-18
2615,95,engineer,0,2025-09-26
2616,95,admin,0,2025-10-07
2617,95,engineer,0,2025-09-29
2618,95,analyst,0,2025-10-20
2619,95,admin,0,2025-10-12
2620,95,admin,0,2025-10-17
2621,95,engineer,0,2025-09-23
2622,95,admin,0,2025-09-19
2623,95,manager,0,2025-10-12
2624,95,engineer,0,2025-09-28
2625,95,admin,0,2025-10-10
2626,95,engineer,0,2025-10-12
2627,95,admin,0,2025-11-02
2628,95,analyst,1,2025-10-17
2629,95,engineer,0,2025-09-19
2630,95,analyst,1,2025-09-26
2631,95,analyst,1,2025-10-16
2632,95,manager,0,2025-10-18
2633,96,engineer,0,2025-11-09
2634,96,admin,0,2025-11-03
2635,96,manager,0,2025-10-20
2636,96,engineer,0,2025-10-25
2637,96,engineer,0,2025-11-13
2638,96,manager,0,2025-10-16
2639,96,manager,0,2025-09-19
2640,96,engineer,0,2025-11-09
2641,96,analyst,0,2025-10-25
2642,96,manager,1,2025-09-30
2643,96,admin,0,2025-11-09
2644,96,admin,0,2025-09-30
2645,96,engineer,0,2025-10-05
2646,96,analyst,0,2025-11-09
2647,96,engineer,0,2025-09-29
2648,96,manager,0,2025-10-21
2649,96,engineer,0,2025-11-12
2650,96,manager,0,2025-09-17
2651,96,analyst,0,2025-10-09
2652,96,manager,0,2025-11-04
2653,96,manager,0,2025-11-03
2654,96,admin,0,2025-10-19
2655,96,analyst,0,2025-10-26
2656,96,engineer,0,2025-10-27
2657,96,manager,0,2025-11-07
2658,96,manager,0,2025-11-02
2659,96,admin,0,2025-10-06
2660,96,analyst,0,2025-11-14
2661,96,engineer,0,2025-10-14
2662,96,engineer,1,2025-10-11
2663,96,admin,0,2025-10-07
2664,96,engineer,0,2025-10-30
2665,96,manager,0,2025-10-08
2666,96,engineer,1,2025-10-16
2667,97,admin,0,2025-10-30
2668,97,analyst,0,2025-10-06
2669,97,manager,0,2025-11-11
2670,97,manager,0,2025-11-05
2671,97,admin,0,2025-10-04
2672,97,analyst,0,2025-11-12
2673,97,manager,0,2025-09-21
2674,97,admin,0,2025-10-03
2675,97,analyst,0,2025-10-24
2676,97,admin,1,2025-11-11
2677,97,admin,0,2025-10-19
2678,98,manager,0,2025-10-16
2679,98,analyst,0,2025-09-16
2680,98,admin,0,2025-11-09
2681,98,analyst,0,2025-10-25
2682,98,analyst,1,2025-09-18
2683,98,engineer,0,2025-09-23
2684,98,admin,0,2025-09-27
2685,99,admin,0,2025-10-01
2686,99,analyst,0,2025-10-24
2687,99,engineer,0,2025-10-12
2688,99,manager,0,2025-10-01
2689,99,manager,0,2025-10-06
2690,99,admin,0,2025-11-08
2691,99,admin,0,2025-10-15
2692,99,analyst,0,2025-10-18
2693,99,analyst,1,2025-10-29
2694,99,analyst,0,2025-09-16
2695,99,manager,0,2025-10-06
2696,99,engineer,0,2025-10-12
2697,99,engineer,0,2025-10-14
2698,99,manager,0,2025-09-19
2699,99,manager,0,2025-09-30
2700,99,analyst,0,2025-11-02
2701,99,admin,0,2025-11-07
2702,99,admin,0,2025-10-16
2703,99,admin,1,2025-09-28
2704,99,manager,0,2025-09-24
2705,99,engineer,0,2025-10-19
2706,99,admin,0,2025-10-24
2707,99,analyst,0,2025-10-10
2708,99,manager,0,2025-11-14
2709,99,manager,0,2025-10-01
2710,99,analyst,0,2025-10-29
2711,99,admin,0,2025-10-26
2712,99,analyst,0,2025-10-13
2713,99,analyst,0,2025-09-26
2714,99,admin,0,2025-11-07
2715,99,analyst,1,2025-10-24
2716,99,engineer,0,2025-09-29
2717,100,manager,0,2025-11-02
2718,100,analyst,0,2025-09-22
2719,100,analyst,0,2025-09-16
2720,100,engineer,0,2025-09-17
2721,100,engineer,0,2025-09-24
2722,100,admin,0,2025-10-04
2723,100,manager,0,2025-10-15
2724,100,manager,0,2025-10-05
2725,100,engineer,0,2025-09-18
2726,100,analyst,0,2025-10-16
2727,100,engineer,0,2025-09-16
2728,100,admin,0,2025-09-22
2729,100,analyst,0,2025-10-09
2730,100,analyst,1,2025-10-10
2731,101,analyst,0,2025-09-24
2732,101,analyst,0,2025-11-10
2733,101,manager,0,2025-10-28
2734,101,admin,0,2025-10-24
2735,101,engineer,0,2025-10-05
2736,101,manager,0,2025-10-09
2737,101,engineer,0,2025-11-03
2738,101,admin,0,2025-09-20
2739,101,analyst,0,2025-09-30
2740,101,analyst,1,2025-09-30
2741,101,admin,0,2025-10-28
2742,101,engineer,0,2025-11-09
2743,101,engineer,0,2025-09-19
2744,101,manager,0,2025-10-22
2745,101,engineer,0,2025-09-22
2746,102,admin,0,2025-10-22
2747,102,admin,0,2025-09-26
2748,102,manager,0,2025-09-17
2749,102,admin,0,2025-10-17
2750,102,admin,0,2025-09-24
2751,102,engineer,1,2025-09-18
2752,102,manager,0,2025-11-02
2753,102,analyst,0,2025-09-16
2754,102,engineer,0,2025-09-29
2755,102,analyst,1,2025-09-26
2756,102,analyst,0,2025-11-05
2757,102,admin,0,2025-09-23
2758,102,manager,0,2025-11-01
2759,102,admin,0,2025-10-16
2760,102,engineer,0,2025-09-30
2761,102,admin,0,2025-11-14
2762,102,analyst,0,2025-09-16
2763,102,admin,0,2025-10-02
2764,102,admin,0,2025-10-24
2765,102,engineer,0,2025-09-19
2766,102,admin,0,2025-11-08
2767,103,analyst,1,2025-10-05
2768,103,manager,0,2025-10-25
2769,103,manager,0,2025-11-02
2770,103,analyst,0,2025-10-28
2771,103,analyst,0,2025-09-26
2772,103,engineer,0,2025-10-03
2773,103,admin,0,2025-10-28
2774,103,manager,0,2025-11-04
2775,103,analyst,0,2025-11-07
2776,103,admin,0,2025-10-06
2777,103,admin,0,2025-11-01
2778,103,analyst,0,2025-10-10
2779,103,analyst,0,2025-10-28
2780,104,admin,0,2025-10-26
2781,104,analyst,0,2025-10-11
2782,104,engineer,0,2025-11-11
2783,104,manager,0,2025-11-13
2784,104,engineer,0,2025-09-18
2785,104,admin,0,2025-11-08
2786,104,engineer,0,2025-11-11
2787,104,admin,0,2025-10-18
2788,104,engineer,0,2025-11-03
2789,104,engineer,0,2025-10-06
2790,104,analyst,1,2025-10-26
2791,104,analyst,0,2025-09-23
2792,104,manager,0,2025-09-30
2793,104,admin,0,2025-09-16
2794,104,engineer,0,2025-10-09
2795,104,manager,1,2025-11-09
2796,104,engineer,0,2025-11-08
2797,104,engineer,0,2025-10-26
2798,104,engineer,0,2025-10-15
2799,104,manager,0,2025-09-15
2800,104,manager,0,2025-11-05
2801,104,analyst,0,2025-09-17
2802,104,analyst,0,2025-10-20
2803,104,manager,0,2025-10-01
2804,104,analyst,0,2025-09-25
2805,104,analyst,0,2025-10-16
2806,104,engineer,0,2025-11-13
2807,104,admin,0,2025-10-15
2808,104,admin,0,2025-10-23
2809,104,engineer,0,2025-10-16
2810,104,manager,0,2025-10-27
2811,104,analyst,0,2025-10-07
2812,104,manager,0,2025-10-13
2813,104,admin,0,2025-10-20
2814,104,admin,0,2025-10-25
2815,104,admin,0,2025-09-25
2816,104,analyst,1,2025-10-11
2817,105,manager,0,2025-10-06
2818,105,manager,0,2025-10-10
2819,105,manager,0,2025-10-15
2820,105,engineer,0,2025-11-10
2821,105,analyst,0,2025-11-01
2822,105,engineer,0,2025-09-25
2823,105,engineer,1,2025-10-09
2824,105,analyst,0,2025-10-11
2825,105,manager,0,2025-11-03
2826,105,admin,0,2025-09-28
2827,105,engineer,0,2025-11-07
2828,105,engineer,0,2025-10-25
2829,106,analyst,0,2025-10-20
2830,106,admin,0,2025-10-07
2831,106,admin,0,2025-10-02
2832,106,engineer,0,2025-10-25
2833,106,engineer,0,2025-10-04
2834,106,admin,1,2025-11-09
2835,106,manager,0,2025-09-23
2836,106,manager,0,2025-09-19
2837,106,admin,0,2025-09-27
2838,106,manager,0,2025-10-03
2839,106,manager,0,2025-10-17
2840,106,analyst,0,2025-10-21
2841,106,engineer,0,2025-11-02
2842,106,manager,0,2025-10-02
2843,106,analyst,0,2025-10-26
2844,106,analyst,0,2025-09-17
2845,106,engineer,0,2025-09-30
2846,106,analyst,0,2025-11-09
2847,107,engineer,0,2025-09-21
2848,107,manager,0,2025-09-21
2849,107,analyst,0,2025-11-11
2850,107,analyst,0,2025-09-18
2851,107,admin,0,2025-11-14
2852,107,analyst,0,2025-11-07
2853,107,analyst,0,2025-09-20
2854,107,admin,0,2025-10-30
2855,107,engineer,1,2025-10-01
2856,107,engineer,0,2025-10-05
2857,107,analyst,0,2025-09-30
2858,107,engineer,0,2025-10-20
2859,107,engineer,0,2025-10-18
2860,107,manager,0,2025-10-03
2861,107,manager,0,2025-10-15
2862,108,analyst,0,2025-09-22
2863,108,engineer,0,2025-11-05
2864,108,analyst,0,2025-09-20
2865,108,manager,1,2025-11-06
2866,108,admin,0,2025-11-10
2867,108,admin,0,2025-11-05
2868,108,engineer,0,2025-10-03
2869,109,engineer,0,2025-09-20
2870,109,engineer,0,2025-09-18
2871,109,engineer,1,2025-10-06
2872,109,manager,0,2025-10-16
2873,109,engineer,0,2025-10-10
2874,109,engineer,0,2025-10-21
2875,109,analyst,0,2025-10-31
2876,109,manager,0,2025-10-18
2877,109,admin,0,2025-10-09
2878,109,engineer,0,2025-09-21
2879,109,manager,0,2025-09-30
2880,110,analyst,0,2025-11-12
2881,110,admin,0,2025-10-09
2882,110,engineer,0,2025-09-30
2883,110,analyst,0,2025-11-07
2884,110,engineer,0,2025-10-01
2885,110,admin,0,2025-11-05
2886,110,analyst,0,2025-10-16
2887,110,admin,0,2025-10-12
2888,110,admin,1,2025-10-30
2889,110,engineer,0,2025-10-05
2890,110,admin,0,2025-10-02
2891,110,analyst,0,2025-10-06
2892,110,admin,0,2025-09-18
2893,111,engineer,0,2025-10-13
2894,111,engineer,0,2025-10-09
2895,111,analyst,0,2025-10-19
2896,111,analyst,0,2025-09-24
2897,111,analyst,0,2025-10-27
2898,111,manager,0,2025-11-12
2899,111,analyst,0,2025-09-29
2900,111,analyst,1,2025-11-11
2901,111,engineer,0,2025-10-08
2902,111,manager,0,2025-10-09
2903,112,admin,0,2025-11-06
2904,112,admin,1,2025-09-21
2905,112,analyst,0,2025-10-29
2906,112,manager,0,2025-10-06
2907,112,analyst,0,2025-10-28
2908,112,analyst,0,2025-11-14
2909,112,admin,0,2025-10-07
2910,112,manager,0,2025-09-17
2911,112,manager,0,2025-10-03
2912,112,engineer,0,2025-10-22
2913,112,manager,0,2025-10-29
2914,112,manager,0,2025-10-14
2915,112,manager,0,2025-09-24
2916,112,admin,0,2025-10-24
2917,112,admin,0,2025-11-05
2918,112,manager,0,2025-09-22
2919,112,engineer,0,2025-09-27
2920,112,engineer,0,2025-09-26
2921,112,engineer,1,2025-10-30
2922,112,engineer,0,2025-09-29
2923,112,manager,0,2025-11-01
2924,112,analyst,0,2025-11-11
2925,112,analyst,0,2025-09-27
2926,112,admin,0,2025-11-11
2927,112,manager,0,2025-10-16
2928,112,engineer,0,2025-10-15
2929,112,analyst,0,2025-10-15
2930,112,manager,0,2025-10-21
2931,112,engineer,0,2025-10-15
2932,112,analyst,0,2025-11-05
2933,112,engineer,0,2025-11-14
2934,112,analyst,1,2025-09-16
2935,112,engineer,0,2025-10-21
2936,112,analyst,0,2025-10-12
2937,112,admin,0,2025-11-08
2938,112,analyst,0,2025-09-21
2939,113,analyst,0,2025-10-04
2940,113,engineer,0,2025-10-16
2941,113,manager,0,2025-09-29
2942,113,manager,0,2025-10-12
2943,113,analyst,0,2025-10-02
2944,113,manager,0,2025-10-25
2945,113,admin,1,2025-10-02
2946,113,admin,0,2025-09-22
2947,113,admin,0,2025-11-14
2948,113,engineer,0,2025-11-08
2949,113,admin,0,2025-10-02
2950,113,engineer,0,2025-10-23
2951,113,manager,0,2025-09-29
2952,113,analyst,0,2025-10-29
2953,113,manager,0,2025-11-12
2954,113,admin,0,2025-10-06
2955,113,admin,0,2025-11-11
2956,113,manager,1,2025-09-15
2957,113,admin,0,2025-09-30
2958,113,admin,0,2025-11-09
2959,113,manager,0,2025-10-21
2960,113,manager,1,2025-09-18
2961,113,admin,0,2025-10-01
2962,113,manager,0,2025-10-29
2963,113,analyst,0,2025-10-16
2964,113,admin,0,2025-10-05
2965,113,engineer,0,2025-09-16
2966,113,analyst,0,2025-09-26
2967,113,engineer,0,2025-10-01
2968,113,analyst,0,2025-10-29
2969,113,manager,0,2025-09-26
2970,113,admin,0,2025-10-28
2971,113,admin,0,2025-10-21
2972,113,engineer,0,2025-10-24
2973,114,admin,0,2025-10-14
2974,114,manager,0,2025-10-06
2975,114,engineer,0,2025-11-03
2976,114,engineer,0,2025-11-08
2977,114,manager,0,2025-10-11
2978,114,engineer,1,2025-11-01
2979,114,admin,0,2025-09-17
2980,114,engineer,0,2025-09-30
2981,114,analyst,0,2025-11-08
2982,114,admin,0,2025-11-10
2983,114,admin,0,2025-10-09
2984,114,analyst,0,2025-09-26
2985,114,engineer,0,2025-11-13
2986,114,engineer,0,2025-11-05
2987,114,admin,1,2025-09-16
2988,114,admin,0,2025-10-03
2989,114,engineer,0,2025-10-28
2990,114,manager,0,2025-10-01
2991,114,analyst,0,2025-09-18
2992,114,engineer,0,2025-10-09
2993,114,admin,0,2025-10-13
2994,114,engineer,0,2025-10-15
2995,114,engineer,0,2025-10-20
2996,115,engineer,1,2025-10-01
2997,115,engineer,0,2025-11-07
2998,115,analyst,0,2025-10-24
2999,115,analyst,0,2025-10-20
3000,115,admin,0,2025-10-05
3001,115,admin,0,2025-10-22
3002,116,analyst,0,2025-10-04
3003,116,manager,0,2025-11-03
3004,116,admin,0,2025-10-21
3005,116,manager,0,2025-10-26
3006,116,engineer,0,2025-09-18
3007,116,admin,0,2025-10-05
3008,116,analyst,0,2025-10-14
3009,116,admin,1,2025-09-19
3010,116,engineer,0,2025-09-28
3011,116,manager,0,2025-11-06
3012,116,admin,0,2025-11-02
3013,116,admin,0,2025-09-29
3014,116,manager,0,2025-10-14
3015,117,admin,0,2025-10-24
3016,117,admin,0,2025-10-20
3017,117,admin,1,2025-11-01
3018,117,engineer,0,2025-09-15
3019,117,manager,1,2025-09-28
3020,117,manager,0,2025-09-16
3021,117,admin,0,2025-11-12
3022,117,manager,0,2025-10-14
3023,117,admin,0,2025-10-15
3024,117,admin,0,2025-10-30
3025,117,manager,0,2025-11-14
3026,117,manager,0,2025-10-05
3027,117,admin,0,2025-09-18
3028,117,analyst,0,2025-09-23
3029,117,admin,0,2025-10-16
3030,117,manager,0,2025-09-22
3031,117,admin,0,2025-09-23
3032,117,admin,0,2025-11-07
3033,117,engineer,0,2025-10-07
3034,117,manager,0,2025-11-10
3035,117,manager,0,2025-10-18
3036,117,analyst,0,2025-09-24
3037,117,engineer,0,2025-10-25
3038,117,admin,0,2025-10-02
3039,117,manager,0,2025-10-25
3040,117,manager,0,2025-09-27
3041,117,admin,0,2025-10-08
3042,117,manager,0,2025-10-24
3043,117,admin,0,2025-11-07
3044,117,analyst,0,2025-11-05
3045,117,engineer,0,2025-11-04
3046,117,analyst,0,2025-10-10
3047,117,manager,0,2025-10-17
3048,117,manager,0,2025-09-16
3049,117,admin,0,2025-11-06
3050,117,admin,0,2025-09-25
3051,117,engineer,0,2025-09-26
3052,117,manager,0,2025-11-13
3053,117,engineer,0,2025-11-09
3054,117,admin,1,2025-11-14
3055,117,manager,0,2025-09-16
3056,117,admin,0,2025-09-30
3057,117,analyst,0,2025-10-19
3058,117,engineer,1,2025-10-01
3059,117,manager,0,2025-11-01
3060,117,manager,0,2025-10-05
3061,117,analyst,0,2025-10-12
3062,117,engineer,0,2025-10-19
3063,117,manager,0,2025-09-15
3064,117,manager,0,2025-10-06
3065,117,admin,0,2025-10-07
3066,117,manager,0,2025-09-30
3067,117,engineer,0,2025-10-06
3068,117,admin,0,2025-10-05
3069,117,analyst,0,2025-10-23
3070,117,engineer,0,2025-11-14
3071,117,manager,0,2025-11-02
3072,117,admin,1,2025-10-12
3073,117,admin,0,2025-10-06
3074,117,analyst,0,2025-09-20
3075,117,manager,0,2025-10-16
3076,117,manager,0,2025-10-28
3077,117,admin,0,2025-11-02
3078,117,admin,1,2025-09-25
3079,117,manager,0,2025-10-02
3080,117,engineer,0,2025-10-14
3081,117,manager,0,2025-11-04
3082,117,admin,0,2025-11-11
3083,117,analyst,1,2025-10-27
3084,117,manager,0,2025-10-18
3085,117,analyst,0,2025-10-24
3086,117,engineer,0,2025-11-12
3087,117,admin,0,2025-09-28
3088,117,admin,0,2025-09-16
3089,118,manager,0,2025-09-29
3090,118,engineer,1,2025-10-08
3091,118,analyst,0,2025-10-19
3092,118,manager,0,2025-09-28
3093,118,analyst,1,2025-10-31
3094,118,admin,0,2025-10-25
3095,118,manager,0,2025-11-08
3096,118,manager,1,2025-09-28
3097,118,engineer,0,2025-09-20
3098,118,manager,0,2025-10-21
3099,118,manager,0,2025-11-10
3100,118,engineer,0,2025-10-08
3101,118,engineer,0,2025-11-11
3102,118,engineer,0,2025-11-05
3103,118,manager,0,2025-09-16
3104,118,engineer,0,2025-11-03
3105,118,engineer,0,2025-10-22
3106,118,manager,0,2025-10-16
3107,118,manager,0,2025-10-05
3108,118,analyst,0,2025-10-28
3109,118,manager,0,2025-10-24
3110,118,manager,0,2025-11-12
3111,118,admin,0,2025-10-28
3112,118,manager,0,2025-11-07
3113,118,engineer,0,2025-10-16
3114,118,engineer,0,2025-11-04
3115,118,analyst,0,2025-10-31
3116,118,analyst,0,2025-10-07
3117,118,manager,0,2025-09-25
3118,118,manager,0,2025-10-09
3119,118,manager,0,2025-11-09
3120,118,engineer,1,2025-09-21
3121,118,engineer,1,2025-09-20
3122,118,manager,0,2025-10-08
3123,118,engineer,0,2025-09-22
3124,118,engineer,0,2025-10-28
3125,118,admin,0,2025-09-29
3126,118,engineer,0,2025-09-28
3127,118,manager,0,2025-10-30
3128,118,analyst,0,2025-10-18
3129,118,manager,0,2025-09-18
3130,118,manager,0,2025-09-17
3131,118,admin,0,2025-10-19
3132,118,admin,0,2025-11-12
3133,118,engineer,0,2025-09-29
3134,118,admin,0,2025-10-18
3135,118,engineer,0,2025-10-15
3136,118,admin,0,2025-10-17
3137,118,engineer,0,2025-10-30
3138,118,admin,0,2025-10-10
3139,119,analyst,0,2025-10-30
3140,119,admin,0,2025-11-13
3141,119,engineer,0,2025-10-03
3142,119,analyst,0,2025-11-04
3143,119,engineer,0,2025-09-21
3144,119,admin,0,2025-10-16
3145,119,engineer,0,2025-09-26
3146,119,manager,0,2025-09-20
3147,119,engineer,1,2025-11-03
3148,119,analyst,0,2025-10-05
3149,119,engineer,0,2025-09-30
3150,119,admin,0,2025-09-20
3151,119,admin,0,2025-10-21
3152,119,analyst,1,2025-10-12
3153,119,admin,0,2025-10-27
3154,119,engineer,0,2025-09-27
3155,119,analyst,0,2025-10-01
3156,119,manager,0,2025-09-25
3157,119,admin,0,2025-10-06
3158,119,analyst,0,2025-09-28
3159,119,admin,0,2025-10-13
3160,119,analyst,0,2025-09-19
3161,119,admin,1,2025-11-07
3162,119,engineer,0,2025-10-22
3163,119,engineer,0,2025-10-06
3164,119,admin,0,2025-10-22
3165,119,analyst,0,2025-11-03
3166,119,admin,0,2025-10-10
3167,119,manager,0,2025-11-06
3168,119,analyst,0,2025-10-30
3169,119,admin,0,2025-10-04
3170,119,engineer,0,2025-09-28
3171,119,manager,0,2025-09-27
3172,119,manager,0,2025-10-25
3173,119,analyst,0,2025-09-18
3174,119,analyst,0,2025-10-13
3175,119,engineer,0,2025-10-28
3176,120,engineer,0,2025-10-14
3177,120,admin,0,2025-10-15
3178,120,analyst,0,2025-10-17
3179,120,analyst,0,2025-09-24
3180,120,admin,0,2025-11-02
3181,120,engineer,0,2025-11-09
3182,120,admin,0,2025-10-20
3183,120,manager,0,2025-10-27
3184,120,admin,0,2025-11-08
3185,120,manager,0,2025-10-28
3186,120,admin,0,2025-10-01
3187,120,manager,1,2025-10-14
3188,120,manager,0,2025-09-20
3189,120,manager,0,2025-10-12
3190,120,admin,0,2025-10-27
3191,120,engineer,0,2025-10-02
3192,120,manager,0,2025-10-15
